id,type,taxi_time,gate (block) hour,runway hour,rwy_day,distance,angle,angle error,shortest path,distance_gate,distance_long,distance_else,rwy,rwy_num,operation_mode,other_moving_ac,QDepDep,QDepArr,QArrDep,QArrArr,NDepDep,NDepArr,NArrDep,NArrArr
19-Oct-2024_TOM620  ,arrival,3.1333333333333333,08,08,19,1067.185911748493,148.19315518133533,0,651.2148144054973,105.609774242,0,961.5761375064931,,-1,0,7,0,0,0,1,0,0,3,1
19-Oct-2024_DLH6RX  ,departure,20.333333333333332,08,09,19,2165.009257409369,983.9303208117359,0,1495.2497768695525,103.676652407,578.1768592638504,1483.1557457385188,,-1,1,7,2,6,0,0,0,0,0,0
19-Oct-2024_EZY37TB ,departure,18.5,09,09,19,1656.8849971861507,408.4764086033955,0,1377.8465689501893,88.9090138822,613.1686048189504,954.8073784850003,,-1,1,14,6,4,0,0,8,0,0,0
19-Oct-2024_EZY57PJ ,departure,16.883333333333333,08,09,19,2266.1178546114256,940.2914888000969,1,1656.2391149175369,64.6124524558,662.7655107560118,1538.739891399614,23L/05R,2,1,11,0,5,0,0,2,1,0,0
19-Oct-2024_EXS93G  ,departure,24.416666666666668,08,09,19,3282.260999845257,841.036310802212,0,2841.9232892535165,106.064213968,1346.4874057270276,1829.7093801502297,,-1,1,9,3,7,0,0,1,0,0,0
19-Oct-2024_AEE9E   ,departure,17.55,08,09,19,3317.0564827059357,914.8576225375396,0,2985.7074521071495,67.0714083598,1611.7328805407615,1638.2521938053742,,-1,1,14,1,5,0,0,3,4,0,0
19-Oct-2024_SIA52   ,departure,18.183333333333334,08,09,19,3274.2059170722355,982.0017846355472,0,2734.216155305445,110.712389807,1346.4874057270276,1817.006121538208,,-1,1,12,5,3,0,0,5,0,0,0
19-Oct-2024_SHT3R   ,departure,16.616666666666667,08,09,19,2113.654156868225,894.8455003507029,1,1653.2578227576282,82.9530943613,0,2030.7010625069252,23L/05R,2,1,13,4,2,0,0,4,0,0,0
19-Oct-2024_EUK935  ,departure,17394.583333333332,08,10,31,5637.650035829115,1263.471673927127,0,1950.6544061792317,111.624949329,1553.0528857582271,3972.972200741888,,-1,1,19,163,202,0,0,6,0,0,0
19-Oct-2024_RYR77XK ,departure,41.43333333333333,08,09,19,2360.024818876194,1058.6716376539873,1,1857.8658742801867,112.201789352,577.1881546986612,1670.6348748255327,,-1,1,10,15,9,0,0,7,0,0,0
19-Oct-2024_EZY72ZY ,arrival,4.466666666666667,09,09,19,1477.518846534732,600.5284550978346,0,1029.6221924779495,83.4322277087,0,1394.086618826032,,-1,1,10,0,0,2,0,0,0,9,0
19-Oct-2024_VIR75L  ,departure,17.45,09,09,19,3157.002620654663,876.2934903740862,0,2680.4290427467495,112.840287221,1796.3095827274396,1247.8527507062236,,-1,1,17,7,4,0,0,9,1,0,0
19-Oct-2024_BEL8MP  ,departure,15.683333333333334,09,09,19,3354.295379342123,941.4734490500538,0,3031.0462755366493,68.8858870922,2061.555057541174,1223.854434708749,,-1,1,16,5,3,0,0,7,1,0,0
19-Oct-2024_TAP1310 ,arrival,3.283333333333333,09,09,19,1643.2614096883608,227.1841320538676,0,1371.028041991844,0,0,1643.2614096883608,23R/05L,1,1,9,0,0,0,0,0,0,7,0
19-Oct-2024_RYR87AT ,arrival,4.85,09,09,19,1462.350259168329,408.1409382964865,0,1294.5889383286292,82.4634639933,623.2193247307075,756.6674704443217,,-1,1,11,0,0,2,1,0,0,8,1
19-Oct-2024_DLH953  ,departure,13.15,09,09,19,1524.044888110081,612.6830566184052,0,1133.313014083462,126.546722489,578.1768592638504,819.3213063572306,,-1,1,14,5,3,0,0,7,1,0,0
19-Oct-2024_RUK7UD  ,arrival,5.7,09,09,19,1856.4434537576583,649.9852278556936,0,1583.7352075322124,90.631546504,886.4465447797426,879.3653624739158,23R/05L,1,1,10,0,0,2,1,0,0,8,1
19-Oct-2024_DLH8JV  ,departure,9.85,09,09,19,2329.842707812333,905.4205372272006,0,1704.249350493865,104.571349969,578.1768592638504,1647.0944985794827,,-1,1,14,4,2,0,0,6,1,0,0
19-Oct-2024_RYR72DY ,departure,14.333333333333334,09,09,19,2127.6800737188196,800.4514669460408,1,1642.083669451005,113.012561341,577.1881546986612,1437.4793576791585,,-1,1,13,5,3,0,0,7,0,0,0
19-Oct-2024_KLM32P  ,departure,15.316666666666666,09,09,19,3447.488717466518,757.3610222258658,0,3081.4885438641786,67.0385622797,1432.9878219173843,1947.462333269434,23L/05R,2,1,13,6,3,0,0,8,0,0,0
19-Oct-2024_EZY72KD ,departure,13.55,09,09,19,2079.7687333526183,601.1121491016736,0,1416.3452337415524,78.3397662866,578.1768592638504,1423.2521078021678,,-1,1,12,5,3,0,0,7,2,0,0
19-Oct-2024_EAI66L  ,arrival,3.8,09,09,19,1736.9819542523928,504.23304197363507,0,1068.6878774112427,71.1519727783,886.4465447797426,779.3834366943503,23R/05L,1,1,11,0,0,2,0,0,0,8,1
19-Oct-2024_SIA51   ,departure,16.016666666666666,09,09,19,2522.5205292718556,763.7023416674468,0,2254.422782422681,126.201474686,578.1768592638504,1818.1421953220051,23L/05R,2,1,13,6,5,0,0,8,2,0,0
19-Oct-2024_RYR89LQ ,arrival,5.183333333333334,09,09,19,2379.477238070078,570.6328045074688,0,1969.9523795533414,87.1816780958,923.4468989662427,1368.848661008035,23R/05L,1,1,11,0,0,1,1,0,0,7,2
19-Oct-2024_VIR109V ,departure,11.1,09,09,19,2115.7149835770674,925.6440366403319,0,1890.1233937181428,113.648321037,578.1768592638504,1423.8898032762172,,-1,1,7,2,4,0,0,3,3,0,0
19-Oct-2024_ICE28T  ,arrival,5.516666666666667,09,09,19,1929.030620228838,492.2908748906266,0,1676.586903892866,120.216071857,0,1808.8145483718379,23R/05L,1,1,5,0,0,2,1,0,0,4,2
19-Oct-2024_EZY39UV ,arrival,3.2666666666666666,09,09,19,1389.7553256708322,397.9466417701335,0,1024.4348590114496,91.7350856234,0,1298.0202400474323,,-1,1,2,0,0,1,0,0,0,2,0
20-Oct-2024_KLM32P  ,departure,9.0,09,09,20,3189.7778277964503,477.91398828231155,0,2958.2300660691644,0,2008.432047771288,1181.3457800251624,23R/05L,1,0,8,0,2,0,0,2,0,0,0
20-Oct-2024_DKH1662 ,departure,12.166666666666666,09,09,20,2191.7027957473165,396.32750382323064,0,2043.7954592759552,0,974.8760264943767,1216.8267692529398,23R/05L,1,0,10,3,4,0,0,5,2,0,0
20-Oct-2024_VIR74Y  ,arrival,11.05,09,09,20,2303.895739322788,498.4437925744262,0,2098.7279732720635,106.423920412,796.0465784219341,1401.425240488854,,-1,0,10,0,0,1,4,0,0,4,2
20-Oct-2024_SHT3R   ,departure,12.35,09,09,20,1349.8797614904013,595.5533403934604,0,1038.02779773808,0,0,1349.8797614904013,23R/05L,1,0,8,1,5,0,0,3,0,0,0
20-Oct-2024_SIA52   ,departure,16.25,09,09,20,3200.8908883814506,533.46486998877,0,3020.1960858201646,0,1743.1865729575538,1457.7043154238968,23R/05L,1,0,7,2,6,0,0,1,0,0,0
20-Oct-2024_RYR2132 ,arrival,3.85,09,09,20,1289.7258326271813,462.3367120325455,0,840.6372082616426,90.631546504,0,1199.0942861231813,,-1,0,5,0,0,0,1,0,0,4,0
20-Oct-2024_SHT2Q   ,arrival,1.4,09,09,20,277.53908309229485,96.94070838903623,0,158.91938518279483,84.7457731106,0,192.79330998169485,,-1,0,6,0,0,0,0,0,0,4,1
20-Oct-2024_VIR75L  ,departure,18.766666666666666,09,09,20,3228.5605117022565,753.192348809315,0,2610.422852049466,126.201474686,1487.1711718053893,1615.1878652108671,23R/05L,1,0,9,4,4,0,0,4,1,0,0
20-Oct-2024_RYR19SC ,arrival,3.7333333333333334,09,09,20,1637.1587066960672,433.71903779854654,0,1408.3969938789123,116.843538226,543.3363431868075,976.9788252832597,23R/05L,1,0,10,0,0,1,0,0,0,6,2
20-Oct-2024_THY9NV  ,departure,22.483333333333334,09,09,20,2529.305994750969,701.3860053170556,0,2214.41423070973,112.574782287,746.9421803053973,1669.789032158572,23R/05L,1,0,14,3,3,0,0,3,2,0,0
20-Oct-2024_UAE6AQ  ,departure,21.516666666666666,09,09,20,1822.437286497854,362.53866742926715,0,1521.7484064428927,139.479225601,974.8760264943767,708.0820344024773,23R/05L,1,0,16,4,5,0,0,5,4,0,0
20-Oct-2024_EZY56FG ,arrival,0.5333333333333333,09,09,20,303.49040108144163,186.84321243009845,0,167.65724346138285,0,0,303.49040108144163,23R/05L,1,0,9,0,0,0,1,0,0,5,3
20-Oct-2024_EZY49KL ,arrival,3.6,09,09,20,1574.521393876279,577.852127961959,0,1185.6936056357254,64.6124524558,623.2193247307075,886.6896166897716,23R/05L,1,0,8,0,0,1,1,0,0,6,2
20-Oct-2024_SIA51   ,departure,26.716666666666665,09,09,20,3260.6773774514504,620.828494749327,0,2998.0268812318645,112.840287221,1743.1865729575538,1404.6505172728966,23R/05L,1,0,16,4,3,0,0,5,2,0,0
20-Oct-2024_TAP11LC ,departure,22.966666666666665,09,09,20,2440.0715883743937,671.4094285263857,0,2073.227103424382,120.216071857,974.8760264943767,1344.9794900230172,23R/05L,1,0,14,4,4,0,0,4,2,0,0
20-Oct-2024_EMC7    ,departure,13.916666666666666,09,09,20,2246.483448030543,599.3930392969604,0,1730.3022398175694,0,974.8760264943767,1271.6074215361664,23R/05L,1,0,12,2,2,0,0,5,2,0,0
20-Oct-2024_VIR77N  ,departure,30382.483333333334,09,12,10,3947.375466161839,965.9836181727117,0,1420.0387188855786,110.712389807,974.8760264943767,2861.7870498604625,,-1,0,18,173,214,0,0,6,2,0,0
20-Oct-2024_TSC206  ,arrival,8.5,09,09,20,1890.335663513654,290.27475492575235,0,1650.4215117541662,106.733294121,0,1783.602369392654,23R/05L,1,0,12,0,0,1,0,0,0,7,2
20-Oct-2024_RYR356N ,arrival,6.866666666666666,09,09,20,2433.0608872226776,635.0963249474971,0,2058.780395963529,101.443894651,923.4468989662427,1408.1700936054349,23R/05L,1,0,12,0,0,1,1,0,0,6,3
20-Oct-2024_DLH8JV  ,departure,16.216666666666665,09,10,20,2423.5321689243938,642.2588321981123,0,1971.2397747930045,103.676652407,974.8760264943767,1344.9794900230172,23R/05L,1,0,16,4,4,0,0,6,4,0,0
20-Oct-2024_EZY13VA ,arrival,3.9833333333333334,09,09,20,1397.5504333857104,345.5084586632261,0,928.7977470268495,88.9090138822,575.4407558091866,733.2006636943238,23R/05L,1,0,13,0,0,2,0,0,0,6,4
20-Oct-2024_TOM114  ,departure,17.933333333333334,09,10,20,2459.3486980214093,941.1716319221946,0,2043.7954592759552,109.341765491,0,2350.0069325304094,23R/05L,1,0,13,4,9,0,0,5,5,0,0
20-Oct-2024_PGT2GA  ,arrival,3.9833333333333334,10,10,20,1046.199821832434,262.8450858812164,0,943.4711700073341,71.3005402027,613.7392044684341,361.1600771613,,-1,0,12,0,0,1,2,0,0,7,4
20-Oct-2024_EZY2128 ,arrival,4.4,09,09,20,1204.0283375431495,354.18039547593406,0,1061.4352131979495,78.3397662866,0,1125.6885712565495,,-1,0,12,0,0,1,1,0,0,6,5
20-Oct-2024_RYR2131 ,departure,13.816666666666666,09,10,20,1189.7354268201152,569.4203380307125,0,709.0750727290003,90.631546504,0,1099.1038803161152,23R/05L,1,0,17,3,6,0,0,6,5,0,0
20-Oct-2024_ICE28T  ,arrival,3.8666666666666667,10,09,20,1900.8305220868388,380.0347542694296,0,1645.1860450263616,104.571349969,612.4411099956866,1183.8180621221522,23R/05L,1,0,12,0,0,1,1,0,0,5,5
20-Oct-2024_RYR453  ,departure,19.483333333333334,10,10,20,1116.9565751162077,280.63614974168115,0,795.8358421656934,116.843538226,596.2474295666939,403.8656073235138,23R/05L,1,0,15,4,8,0,0,5,5,0,0
20-Oct-2024_RUK3836 ,departure,15.666666666666666,10,10,20,902.6750453407273,398.79290591673106,0,615.991512859413,112.201789352,0,790.4732559887273,23R/05L,1,0,15,3,7,0,0,6,5,0,0
20-Oct-2024_TOM182  ,departure,20.35,10,10,20,2609.218523420288,605.7486843877592,0,2450.526173906102,0,974.8760264943767,1634.3424969259113,23R/05L,1,0,15,4,7,0,0,6,4,0,0
20-Oct-2024_RYR61QF ,arrival,6.85,10,10,20,1726.136540179618,643.9457084485392,0,1439.5860019567124,113.012561341,575.4407558091866,1037.6832230294312,23R/05L,1,0,11,0,0,1,5,0,0,7,4
20-Oct-2024_EZY67NJ ,departure,4740.366666666667,10,17,23,3096.85836252515,966.4843275960885,1,1387.0500990600854,64.6124524558,746.9421803053973,2285.3037297639526,,-1,1,20,49,70,0,0,5,2,0,0
20-Oct-2024_CHH754  ,departure,12.916666666666666,10,10,20,2080.76772175616,477.2563250469817,0,1585.373133778131,120.26799992,768.3105464631772,1192.1891753729828,,-1,0,10,5,1,0,0,6,2,0,0
20-Oct-2024_EZY14HF ,departure,7.016666666666667,10,10,20,558.2181927794711,138.5582384880513,0,378.36028697666825,91.6845157884,0,466.5336769910711,,-1,0,9,4,0,0,0,7,1,0,0
20-Oct-2024_RYR66YB ,departure,1.85,10,10,20,254.51786899369998,83.77705577726769,0,110.1484914272,101.443894651,0,153.07397434269998,,-1,0,8,0,0,0,0,6,2,0,0
20-Oct-2024_DLH947  ,departure,13.466666666666667,16,16,20,2039.9131783532912,824.0984494217225,0,1589.4948889250031,106.733294121,578.1768592638504,1355.003024968441,,-1,1,19,2,4,0,0,7,6,0,0
20-Oct-2024_EZY61WD ,departure,7.416666666666667,16,16,20,1739.0989277549047,750.5816325628119,0,1388.8593436330218,71.8532588843,0,1667.2456688706047,,-1,1,16,0,3,0,0,4,3,0,0
20-Oct-2024_EWG22M  ,arrival,5.616666666666666,16,16,20,2249.6699699779792,370.40209473352706,0,1980.672148190702,67.0385622797,1019.764459621634,1162.8669480766453,,-1,1,13,0,0,0,0,0,0,5,4
20-Oct-2024_SAS62N  ,arrival,5.266666666666667,16,16,20,1725.6990877494097,457.34468221176655,0,1304.1456780692292,112.574782287,0,1613.1243054624097,23R/05L,1,1,13,0,0,0,1,0,0,5,5
20-Oct-2024_EZY91RT ,arrival,3.066666666666667,16,16,20,1750.1081837331876,570.6540247750117,0,1149.9808674801495,104.571349969,0,1645.5368337641876,23R/05L,1,1,15,0,0,0,2,0,0,6,6
20-Oct-2024_EZY62NC ,arrival,3.1166666666666667,16,16,20,1344.1077754033104,343.88455373611316,0,928.7977470268495,88.9090138822,575.4407558091866,679.7580057119237,23R/05L,1,1,16,0,0,1,1,0,0,10,5
20-Oct-2024_EZY35ZP ,departure,18.383333333333333,16,16,20,2568.8292970095004,775.6233447032562,1,1679.957054270265,78.3397662866,0,2490.4895307229003,23L/05R,2,1,18,5,6,0,0,8,5,0,0
20-Oct-2024_RYR9DR  ,departure,9.75,16,16,20,2216.6126505156276,644.559086516949,1,1721.6915177923197,116.843538226,715.1878870562356,1384.5812252333922,23L/05R,2,1,16,1,3,0,0,9,5,0,0
20-Oct-2024_TOM924P ,departure,16.616666666666667,16,16,20,2242.178873397329,742.2454133479299,0,2220.6106470542877,121.806504544,916.9506637659618,1203.4217050873672,,-1,1,21,4,5,0,0,10,6,0,0
20-Oct-2024_EZY171V ,arrival,9.433333333333334,16,16,20,2653.4418987395434,546.5512256557456,0,2278.1486133431627,66.3146580032,1070.438452629734,1516.6887881066095,23R/05L,1,1,18,0,0,2,0,0,0,10,3
20-Oct-2024_EZY2035 ,departure,11.383333333333333,16,16,20,1849.3690241673507,729.6362042650369,0,1536.5088880229648,83.0918278028,751.8728602562618,1014.4043361082889,,-1,1,18,4,4,0,0,9,4,0,0
20-Oct-2024_TOM509  ,arrival,4.483333333333333,16,16,20,1996.4597162990315,561.5898021100444,0,1819.0299061752482,0,0,1996.4597162990315,23R/05L,1,1,18,0,0,2,1,0,0,10,5
20-Oct-2024_RYR89LQ ,arrival,4.266666666666667,16,16,20,1821.7946826766179,668.3744892847343,0,1541.1507332234123,87.1816780958,575.4407558091866,1159.1722487716313,23R/05L,1,1,18,0,0,2,2,0,0,9,7
20-Oct-2024_EZY14ND ,departure,12.15,16,17,20,2757.612283645101,1087.3636776968108,0,2182.208415912617,90.959777885,916.9506637659618,1749.7018419941392,,-1,1,18,2,6,0,0,7,7,0,0
20-Oct-2024_SAS541  ,arrival,15.833333333333334,17,16,20,1617.3599799219098,584.5418751423193,0,1155.2163342079543,106.733294121,0,1510.6266858009099,23R/05L,1,1,17,0,0,2,6,0,0,7,6
20-Oct-2024_RYR428Q ,departure,11.216666666666667,16,17,20,2286.137751466079,828.8325858507931,1,1700.2290000928717,101.443894651,0,2184.693856815079,,-1,1,17,1,6,0,0,6,8,0,0
20-Oct-2024_TOM6JV  ,arrival,8.433333333333334,17,16,20,2710.9212328212298,629.7338211915188,0,2504.779092597546,68.8858870922,1019.764459621634,1622.2708861073957,23R/05L,1,1,15,0,0,1,3,0,0,7,6
20-Oct-2024_EWG47U  ,arrival,7.333333333333333,17,16,20,2547.194818344544,467.9306782235651,0,2151.868270745663,0,1019.764459621634,1527.4303587229097,23R/05L,1,1,16,0,0,1,4,0,0,6,7
20-Oct-2024_N721KJ  ,arrival,1.9,17,16,20,653.5672805453642,183.3432998362418,0,101.25371224509999,0,0,653.5672805453642,23R/05L,1,1,15,0,0,0,2,0,0,7,8
20-Oct-2024_TAP1313 ,departure,16.966666666666665,17,17,20,2579.7010881889655,777.1351982260674,0,2221.1354547616506,107.541906653,578.1768592638504,1893.9823222721152,,-1,1,18,2,5,0,0,7,5,0,0
20-Oct-2024_SWR357K ,departure,10.283333333333333,17,17,20,1975.6158670128048,342.4393309955743,0,1687.7953896491697,0,578.1768592638504,1397.4390077489543,23L/05R,2,1,16,2,4,0,0,7,5,0,0
20-Oct-2024_EZY26LA ,arrival,4.566666666666666,17,17,20,1553.3929488038318,672.2730275509755,0,1024.4348590114496,170.07485191,0,1383.3180968938318,,-1,1,12,0,0,1,1,0,0,8,4
20-Oct-2024_EZY706  ,arrival,3.5,17,17,20,1445.7021147155103,345.15143897128235,0,982.2404050092495,83.0918278028,575.4407558091866,787.1695311035237,23R/05L,1,1,12,0,0,1,1,0,0,7,3
20-Oct-2024_RUK3226 ,departure,13.433333333333334,17,17,20,2047.8475812490285,661.4629350963016,1,1653.2578227576282,82.9530943613,0,1964.8944868877286,23L/05R,2,1,15,2,4,0,0,7,4,0,0
20-Oct-2024_SXS4PC  ,arrival,7.333333333333333,17,17,20,2462.1110130117104,610.1062065002213,0,2227.4110849403137,101.049188081,0,2361.0618249307104,23R/05L,1,1,15,0,0,1,0,0,0,7,3
20-Oct-2024_EZY35PR ,departure,9.45,17,17,20,1028.2871411721997,408.4479750297752,0,634.9175189571711,103.676652407,0,924.6104887651996,,-1,1,12,2,5,0,0,7,4,0,0
20-Oct-2024_EZY89BD ,departure,9.183333333333334,17,17,20,892.8362053399618,148.15782259978602,0,762.7011480532617,91.6845157884,0,801.1516895515617,,-1,1,12,3,5,0,0,8,4,0,0
20-Oct-2024_KLM91N  ,arrival,6.183333333333334,17,17,20,2702.015365344944,496.1874128946581,0,2350.049588628163,0,1019.764459621634,1682.2509057233096,23R/05L,1,1,15,0,0,1,2,0,0,9,4
20-Oct-2024_RYR42WZ ,arrival,3.283333333333333,17,17,20,1513.6316200788158,427.0002889526454,0,1152.850744021794,90.631546504,623.2193247307075,799.7807488441083,,-1,1,14,0,0,1,3,0,0,8,5
20-Oct-2024_RYR73TZ ,arrival,2.933333333333333,17,17,20,854.1034445415166,224.8202989179844,0,346.0117486636086,0,0,854.1034445415166,23R/05L,1,1,14,0,0,1,4,0,0,8,6
21-Oct-2024_SHT2R   ,arrival,3.5166666666666666,19,19,21,1162.1929491227374,171.4543807675148,0,758.1547170506024,82.9530943613,623.2193247307075,456.02053003073,,-1,0,8,0,0,0,0,0,0,6,2
21-Oct-2024_RYR74GL ,departure,11.083333333333334,19,19,21,1023.7835643094943,391.0986285284237,0,751.6595470378003,87.1816780958,0,936.6018862136943,23R/05L,1,0,10,0,2,0,0,5,2,0,0
21-Oct-2024_QTR46W  ,departure,24.2,19,20,21,3430.8885147354504,799.2169450770646,0,3090.2162249322314,110.712389807,1673.3430736964767,1646.8330512319737,23R/05L,1,0,10,3,4,0,0,6,2,0,0
21-Oct-2024_THY5ZR  ,arrival,5.266666666666667,19,19,21,1725.6990877494097,457.34468221176655,0,1304.1456780692292,112.574782287,0,1613.1243054624097,23R/05L,1,0,10,0,0,0,0,0,0,7,2
21-Oct-2024_RYR78CB ,arrival,4.566666666666666,19,19,21,2296.6842263750477,582.6110897329394,0,2012.5368538621415,90.631546504,612.4411099956866,1593.611569875361,23R/05L,1,0,11,0,0,1,1,0,0,7,3
21-Oct-2024_EZY39QU ,arrival,27.483333333333334,20,19,21,1679.8402369216928,502.30296667142295,0,1119.2900744194426,64.6124524558,886.4465447797426,728.7812396861503,23R/05L,1,0,11,0,0,4,4,0,0,7,3
21-Oct-2024_RYR88MP ,arrival,4.716666666666667,19,19,21,2180.645432311413,563.5579370064855,0,1930.3025654630414,78.4654082791,923.4468989662427,1178.7331250660704,23R/05L,1,0,12,0,0,0,0,0,0,6,3
21-Oct-2024_ABR9AN  ,departure,5.433333333333334,19,19,21,2234.688736618033,575.5328930439603,0,2029.853741917701,0,738.232310911477,1496.456425706556,23R/05L,1,0,12,0,1,0,0,6,4,0,0
21-Oct-2024_RYR2253 ,arrival,4.233333333333333,19,19,21,1726.136540179618,643.9457084485392,0,1439.5860019567124,113.012561341,575.4407558091866,1037.6832230294312,23R/05L,1,0,12,0,0,1,1,0,0,8,4
21-Oct-2024_NOZ1327 ,departure,11.033333333333333,19,19,21,3182.6551463545215,624.0444488014326,0,2972.18836013483,67.8586664272,1826.6017585018524,1288.194721425469,23R/05L,1,0,12,1,2,0,0,7,4,0,0
21-Oct-2024_AFR91WA ,arrival,5.833333333333333,20,19,21,2400.7651296673107,582.0982994487326,0,2155.489440347914,111.624949329,0,2289.1401803383105,23R/05L,1,0,10,0,0,2,0,0,0,7,3
21-Oct-2024_RYR70XX ,arrival,4.05,20,20,21,2092.9602849693288,600.2324062247038,0,1563.5752184173164,101.443894651,806.5635632358426,1184.9528270824862,23R/05L,1,0,9,0,0,0,1,0,0,5,3
21-Oct-2024_TOM475  ,arrival,6.683333333333334,20,20,21,2578.68414382223,625.3787190437367,0,2373.385221231646,68.0426694591,1019.764459621634,1490.8770147414957,23R/05L,1,0,9,0,0,0,2,0,0,5,3
21-Oct-2024_RUK8625 ,arrival,3.3666666666666667,20,20,21,1734.8421801750178,667.2827838082477,0,1462.2461817900123,82.4634639933,575.4407558091866,1076.9379603725313,23R/05L,1,0,10,0,0,0,1,0,0,5,4
21-Oct-2024_RYR1862 ,arrival,5.316666666666666,20,20,21,2246.9908158654603,582.4963173343688,0,1969.9523795533414,87.1816780958,612.4411099956866,1547.3680277739736,23R/05L,1,0,12,0,0,0,2,0,0,5,4
21-Oct-2024_LOG17ZA ,arrival,2696.0,17,20,23,1717.6937972990775,486.4888020226866,0,987.7002570248425,0,0,1717.6937972990775,23R/05L,1,0,16,0,0,26,37,0,0,5,4
21-Oct-2024_RYR360N ,arrival,3.2666666666666666,20,20,21,1533.9801129674927,344.89617729007773,0,1021.5741818237425,103.788931741,886.4465447797426,543.7446364467502,23R/05L,1,0,12,0,0,0,1,0,0,5,4
21-Oct-2024_EZY15QK ,arrival,5.433333333333334,20,20,21,1445.7021147155103,345.15143897128235,0,982.2404050092495,83.0918278028,575.4407558091866,787.1695311035237,23R/05L,1,0,13,0,0,0,1,0,0,6,5
21-Oct-2024_RYR5DZ  ,departure,6.6,20,20,21,781.5544428314647,356.3587140978517,0,503.1795799942653,78.4654082791,0,703.0890345523648,23R/05L,1,0,11,1,2,0,0,5,5,0,0
21-Oct-2024_RANGER 2,arrival,5734.7,19,20,25,813.5968974705341,345.43864050864323,0,242.0256784079,65.3970737181,0,748.1998237524341,,-1,0,16,0,0,50,55,0,0,5,5
21-Oct-2024_RYR9UC  ,departure,2.65,20,20,21,183.7151063735873,86.25276528978128,0,46.24354210138732,90.631546504,0,93.0835598695873,,-1,0,12,0,1,0,0,6,5,0,0
21-Oct-2024_SHT2X   ,arrival,3.216666666666667,20,20,21,1517.2187121294928,231.32413944414867,0,1180.4935670065372,0,886.4465447797426,630.7721673497502,23R/05L,1,0,12,0,0,2,1,0,0,7,5
22-Oct-2024_RUK5PC  ,arrival,4.1,15,15,22,1671.0656696848769,432.9063593842114,0,1199.0942861231813,101.443894651,623.2193247307075,946.4024503031694,,-1,1,12,0,0,0,2,0,0,5,4
22-Oct-2024_RUK4RF  ,arrival,3.316666666666667,15,15,22,1742.209854181318,587.1822736019196,0,1541.1507332234123,87.1816780958,0,1655.028176085518,23R/05L,1,1,14,0,0,0,1,0,0,5,6
22-Oct-2024_RYR5JE  ,arrival,5.5,15,15,22,2068.3290107864327,600.5672330570499,0,1673.7237098445162,73.4295357349,886.4465447797426,1108.4529302717901,23R/05L,1,1,16,0,0,0,3,0,0,6,7
22-Oct-2024_RYR2H   ,departure,13.65,15,15,22,2066.850126753773,591.4896578325465,1,1610.8946613732048,116.843538226,0,1950.0065885277731,,-1,1,18,0,6,0,0,6,8,0,0
22-Oct-2024_RYR2YG  ,arrival,5.15,15,15,22,2025.0319041492528,648.4790382685786,0,1583.7352075322124,90.631546504,1150.1577085007834,784.2426491444694,23R/05L,1,1,14,0,0,0,1,0,0,7,6
22-Oct-2024_RYR428Q ,departure,13.566666666666666,15,16,22,2284.915116335027,838.3349717072581,1,1752.88052587012,113.012561341,715.1878870562356,1456.7146679377915,23L/05R,2,1,18,3,4,0,0,7,6,0,0
22-Oct-2024_EZY83QY ,departure,10.316666666666666,15,15,22,1702.411100633904,318.79256869164226,0,1485.258094341789,91.6845157884,805.3155182386618,805.4110666068423,,-1,1,17,2,2,0,0,8,5,0,0
22-Oct-2024_RYR9CU  ,arrival,5.15,15,15,22,2156.04025764966,571.6080935753228,0,1930.3025654630414,78.4654082791,612.4411099956866,1465.1337393748736,23R/05L,1,1,14,0,0,1,0,0,0,9,5
22-Oct-2024_EXS74QM ,arrival,5.966666666666667,16,15,22,2178.850706633788,476.0926712852778,0,1935.6975425773912,109.502424066,0,2069.348282567788,23R/05L,1,1,18,0,0,2,1,0,0,7,7
22-Oct-2024_RYR6WR  ,departure,9.633333333333333,15,16,22,2217.0278091344576,1188.0525611229627,1,1588.6768584227352,112.201789352,0,2104.8260197824575,,-1,1,18,1,4,0,0,6,8,0,0
22-Oct-2024_SXS6ZM  ,arrival,5.733333333333333,16,16,22,2520.7089103524877,664.6494011799434,0,2123.145110445114,90.959777885,0,2429.7491324674875,23R/05L,1,1,17,0,0,1,2,0,0,7,7
22-Oct-2024_EZY91XG ,departure,9.55,16,16,22,1761.0981658570108,436.1708983217121,0,1542.9243724598894,83.4322277087,916.9506637659618,760.7152743823491,,-1,1,16,1,4,0,0,6,8,0,0
22-Oct-2024_SWR31V  ,arrival,6.383333333333334,16,16,22,2463.0642261712264,536.5462947654299,0,2227.4110849403137,101.049188081,0,2362.0150380902264,23R/05L,1,1,17,0,0,1,3,0,0,7,8
22-Oct-2024_DLH947  ,departure,11.366666666666667,16,16,22,2067.113167998818,803.9303208117356,0,1495.2497768695525,103.676652407,578.1768592638504,1385.2596563279676,,-1,1,16,2,3,0,0,7,7,0,0
22-Oct-2024_RYR28BC ,arrival,5.416666666666667,16,16,22,1816.410743796485,585.554285581635,0,1373.1824707404292,113.012561341,886.4465447797426,816.9516376757423,23R/05L,1,1,14,0,0,2,1,0,0,8,6
22-Oct-2024_RYR9WN  ,arrival,5.3,16,16,22,2090.6328085127325,597.5867552286901,0,1610.4152361855163,112.201789352,886.4465447797426,1091.98447438099,23R/05L,1,1,13,0,0,1,0,0,0,6,5
22-Oct-2024_TAP1313 ,departure,8.65,16,16,22,2244.8084980993694,982.1888002832405,0,1440.6375299651527,104.571349969,578.1768592638504,1562.060288866519,,-1,1,17,1,1,0,0,6,6,0,0
22-Oct-2024_EJU14EJ ,departure,14.6,16,16,22,1947.6572953167558,841.5452732715759,1,1387.0500990600854,64.6124524558,0,1883.044842860956,,-1,1,16,3,4,0,0,6,6,0,0
22-Oct-2024_SHT3G   ,departure,8.95,16,16,22,1869.2182448666772,778.270030213281,1,1542.4609663385133,82.9530943613,0,1786.2651505053773,,-1,1,18,1,0,0,0,7,5,0,0
22-Oct-2024_RYR272G ,departure,10.266666666666667,16,16,22,2207.388630607728,1125.0105582366264,1,1747.0690178610719,112.201789352,0,2095.186841255728,,-1,1,18,2,1,0,0,8,5,0,0
22-Oct-2024_EZY76WZ ,arrival,8.3,16,16,22,1731.1191455178928,562.5786732059357,0,1165.5475705102426,162.1488571428,886.4465447797426,682.5237435953503,23R/05L,1,1,19,0,0,3,0,0,0,9,5
22-Oct-2024_RAM819W ,departure,12.316666666666666,16,16,22,1729.9758556283962,372.49630068770506,0,1503.5768403237316,68.0426694591,1033.5560212769112,628.377164892385,,-1,1,15,9,4,0,0,9,6,0,0
22-Oct-2024_RUK64RQ ,departure,9.45,16,16,22,2175.6780138729064,1081.837711131758,1,1722.197840101799,87.1816780958,577.1881546986612,1511.3081810784452,,-1,1,18,4,3,0,0,9,6,0,0
22-Oct-2024_ETH729  ,departure,10.1,16,16,22,838.4231833186341,225.89883988722406,0,696.282681889234,110.712389807,0,727.710793511634,,-1,1,16,8,4,0,0,10,6,0,0
22-Oct-2024_SAS541  ,arrival,4.866666666666666,16,16,22,2094.2777701002155,521.9250175220617,0,1645.1860450263616,104.571349969,0,1989.7064201312155,23R/05L,1,1,18,0,0,2,2,0,0,11,6
22-Oct-2024_SHT3U   ,departure,3.45,16,16,22,243.66515829339482,96.53413331384654,0,57.8579176618,84.7457731106,0,158.91938518279483,,-1,1,17,1,2,0,0,9,7,0,0
22-Oct-2024_EZY47TA ,arrival,3.2,16,16,22,1312.6255679553549,321.01236073099335,0,676.6944680542865,0,575.4407558091866,737.1848121461683,23R/05L,1,1,18,0,0,1,2,0,0,10,7
22-Oct-2024_EZY26EZ ,departure,1.5,16,16,22,157.2443094146,24.56290028457471,0,24.2922962236,78.3397662866,0,78.904543128,,-1,1,15,2,0,0,0,9,5,0,0
22-Oct-2024_RYR54XE ,departure,1.6666666666666667,16,16,22,297.5747852835873,261.66076698120787,0,82.2342883991,169.0969547831,0,128.4778305004873,,-1,1,14,2,1,0,0,9,5,0,0
23-Oct-2024_RANGER7 ,departure,1.85,16,16,23,345.5583806585341,206.91120932849128,0,145.4343509310341,116.8475823,0,228.71079835853408,,-1,0,12,0,0,0,0,5,4,0,0
23-Oct-2024_EZY56FG ,arrival,4.933333333333334,16,16,23,1679.7555353710736,691.5024208931918,0,1160.2790817528326,83.4322277087,0,1596.3233076623737,23R/05L,1,0,14,0,0,0,2,0,0,5,7
23-Oct-2024_SAS542  ,departure,51.43333333333333,16,17,23,2171.9094983326395,950.0389142536727,0,1755.629264939267,120.216071857,578.1768592638504,1473.5165672117892,,-1,1,19,6,14,0,0,5,8,0,0
23-Oct-2024_RYR8605 ,arrival,5.083333333333333,16,16,23,1816.410743796485,585.554285581635,0,1373.1824707404292,113.012561341,886.4465447797426,816.9516376757423,23R/05L,1,0,13,0,0,0,1,0,0,6,4
23-Oct-2024_EZY54GD ,departure,12.583333333333334,16,16,23,2360.0094844381124,675.0759318130039,0,2062.218487615951,90.959777885,578.1768592638504,1690.8728472892622,,-1,0,18,0,4,0,0,6,7,0,0
23-Oct-2024_SHT2K   ,arrival,4.1,16,16,23,1571.0021932495927,318.9161398571779,0,1122.6356493447372,82.9530943613,886.4465447797426,601.6025541085502,23R/05L,1,0,15,0,0,0,1,0,0,7,6
23-Oct-2024_SWR357K ,departure,8.983333333333333,16,16,23,2092.2841450355695,767.8683713775497,0,1495.2497768695525,103.676652407,578.1768592638504,1410.4306333647191,,-1,0,19,1,2,0,0,7,6,0,0
23-Oct-2024_EZS32KB ,arrival,4.533333333333333,16,16,23,1622.1644376608103,471.6705252003631,0,1125.6885712565495,170.07485191,575.4407558091866,876.6488299416237,23R/05L,1,0,17,0,0,0,1,0,0,8,6
23-Oct-2024_IBS3693 ,departure,11.066666666666666,16,16,23,1934.471319526045,852.3936263958799,1,1495.5932985531476,90.631546504,0,1843.839773022045,,-1,0,19,2,1,0,0,8,6,0,0
23-Oct-2024_AUR78B  ,arrival,4313.483333333334,16,16,26,1724.3333243366849,382.3650227333808,0,1395.842650573729,0,886.4465447797426,837.8867795569423,23R/05L,1,0,22,0,0,36,38,0,0,10,6
23-Oct-2024_RUK6879 ,departure,11.533333333333333,16,16,23,2119.1317197239064,1008.0525611229625,1,1588.6768584227352,112.201789352,0,2006.9299303719063,,-1,0,19,3,1,0,0,9,6,0,0
23-Oct-2024_EAG18C  ,arrival,10.066666666666666,17,16,23,1630.8838243989928,332.73072200029753,0,1165.5475705102426,61.9135360239,886.4465447797426,682.5237435953503,23R/05L,1,0,18,0,0,4,0,0,0,10,6
23-Oct-2024_RYR83GF ,departure,14.116666666666667,16,17,23,2155.213842791106,998.3377346017405,1,1541.836840654535,101.443894651,0,2053.769948140106,,-1,1,19,3,3,0,0,9,8,0,0
23-Oct-2024_RYR14MM ,arrival,5.333333333333333,17,17,23,2566.163690213886,623.8753088391605,0,2105.620413731729,112.201789352,1187.1580626872835,1266.8038381746026,23R/05L,1,1,15,0,0,0,1,0,0,7,7
23-Oct-2024_TOM93T  ,arrival,8.9,17,17,23,2754.14590772453,630.1452347601598,0,2504.779092597546,68.8858870922,1019.764459621634,1665.4955610106958,23R/05L,1,1,17,0,0,2,1,0,0,7,7
23-Oct-2024_UAE19   ,arrival,27423.25,18,17,11,2959.082510563816,418.20425986212115,0,1648.2190516148542,126.546722489,1097.475619629873,1735.060168444943,23R/05L,1,1,19,0,0,127,143,0,0,7,7
23-Oct-2024_QTR2T   ,arrival,8.25,17,17,23,2851.6237379372724,502.2362006017719,0,2582.963506137576,112.840287221,796.0465784219341,1942.7368722943384,23R/05L,1,1,17,0,0,1,1,0,0,7,8
23-Oct-2024_EJU84HM ,departure,13.0,17,17,23,1997.0321794739584,767.8984471927629,0,1590.4777554321647,91.6845157884,805.3155182386618,1100.0321454468967,23L/05R,2,1,18,2,4,0,0,6,8,0,0
23-Oct-2024_EZY78RV ,departure,8.15,17,17,23,706.7403405203711,139.79250486027425,0,524.1999551091711,83.4322277087,591.4950920916712,31.81302071999994,,-1,1,17,2,5,0,0,6,8,0,0
23-Oct-2024_TOM971P ,arrival,7.35,17,17,23,2656.3317961609437,562.0510032535082,0,2245.4003378843627,69.2045554246,1070.438452629734,1516.6887881066095,23R/05L,1,1,18,0,0,2,4,0,0,7,8
23-Oct-2024_TES231  ,arrival,1.65,17,17,23,653.5672805453642,183.3432998362418,0,101.25371224509999,0,0,653.5672805453642,23R/05L,1,1,15,0,0,0,0,0,0,7,7
23-Oct-2024_RYR8604 ,departure,4.8,17,17,23,259.2908943704,265.69972032134433,0,49.508603539700005,113.012561341,0,146.27833302940002,,-1,1,14,2,4,0,0,6,7,0,0
23-Oct-2024_RYR42WZ ,arrival,2.933333333333333,17,17,23,1733.9575133131316,524.9364065047859,0,1207.8339287753256,87.6834748021,575.4407558091866,1070.833282701845,23R/05L,1,1,15,0,0,3,4,0,0,7,8
23-Oct-2024_EXS45VK ,arrival,0.9166666666666666,17,17,23,691.6861800837839,96.37671626395866,0,74.42402597062541,0,0,691.6861800837839,23R/05L,1,1,13,0,0,1,1,0,0,6,7
24-Oct-2024_TOM4TW  ,arrival,3.816666666666667,17,17,24,1326.198846878156,277.2300821275593,0,1073.352836439611,112.840287221,796.0465784219341,417.311981235222,,-1,0,13,0,0,0,0,0,0,5,5
24-Oct-2024_KLM1038 ,departure,8.55,17,17,24,3267.064291656078,478.31000821637025,0,2958.2300660691644,0,2643.68037537876,623.3839162773179,23R/05L,1,0,17,0,1,0,0,4,5,0,0
24-Oct-2024_EXS9RJ  ,arrival,6.9,17,17,24,2979.183381059172,678.2560119901204,0,2658.1865088768764,106.423920412,796.0465784219341,2076.712882225238,23R/05L,1,0,18,0,0,1,2,0,0,7,6
24-Oct-2024_RYR24PV ,departure,9.583333333333334,17,17,24,938.7571684079272,389.07807939550906,0,662.831530627613,101.443894651,0,837.3132737569272,23R/05L,1,0,17,2,3,0,0,5,6,0,0
24-Oct-2024_EWG5BG  ,departure,20.483333333333334,17,18,24,3545.1710055242506,662.4479433887082,0,3348.6441140217644,68.8858870922,2008.432047771288,1467.8530706607628,23R/05L,1,0,16,7,4,0,0,6,6,0,0
24-Oct-2024_SHT3Y   ,departure,13.066666666666666,17,18,24,1442.551613031189,348.76931073276745,0,1248.4252491995749,82.9530943613,746.9421803053973,612.6563383644917,23R/05L,1,0,17,4,2,0,0,7,6,0,0
24-Oct-2024_RYR6630 ,departure,8.3,17,17,24,1023.7835643094943,391.0986285284237,0,751.6595470378003,87.1816780958,0,936.6018862136943,23R/05L,1,0,17,3,2,0,0,8,6,0,0
24-Oct-2024_RUK8491 ,arrival,3.466666666666667,17,17,24,1812.6261802767317,587.9371305416772,0,1341.993462662629,116.843538226,575.4407558091866,1120.3418862415451,23R/05L,1,0,17,0,0,1,0,0,0,9,6
24-Oct-2024_EZY89BD ,departure,12.833333333333334,17,18,24,2070.1723475525655,372.8688409442439,0,1860.5222109450042,83.4322277087,974.8760264943767,1011.8640933494889,23R/05L,1,0,21,5,2,0,0,10,7,0,0
24-Oct-2024_EZY306Y ,departure,9.916666666666666,17,18,24,1311.5137982379592,373.8258856138374,0,1099.0745752143396,86.2988381711,565.1118910359618,660.1030690308975,23R/05L,1,0,19,5,1,0,0,10,6,0,0
24-Oct-2024_LOG2WF  ,departure,14.5,17,18,24,1141.721532941311,343.6156737381869,0,893.3561851291968,87.6834748021,596.2474295666939,457.7906285725171,23R/05L,1,0,19,7,1,0,0,11,5,0,0
24-Oct-2024_EXS22EF ,arrival,5.416666666666667,18,18,24,2002.298453888582,626.6173783226351,0,1565.5846006314014,127.735225864,0,1874.5632280245818,23R/05L,1,0,16,0,0,3,0,0,0,9,5
24-Oct-2024_RUK8HG  ,departure,15.65,18,18,24,1189.7354268201152,569.4203380307125,0,709.0750727290003,90.631546504,0,1099.1038803161152,23R/05L,1,0,16,4,3,0,0,8,6,0,0
24-Oct-2024_RYR22AY ,arrival,5.666666666666667,18,18,24,2246.9908158654603,582.4963173343688,0,1969.9523795533414,87.1816780958,612.4411099956866,1547.3680277739736,23R/05L,1,0,14,0,0,2,1,0,0,7,6
24-Oct-2024_RYR56BP ,departure,12.6,18,18,24,902.6750453407273,398.79290591673106,0,615.991512859413,112.201789352,0,790.4732559887273,23R/05L,1,0,13,3,3,0,0,7,6,0,0
24-Oct-2024_EAI7BM  ,arrival,4.483333333333333,18,18,24,1736.9819542523928,504.23304197363507,0,1068.6878774112427,71.1519727783,886.4465447797426,779.3834366943503,23R/05L,1,0,11,0,0,0,0,0,0,6,5
24-Oct-2024_GMDSE   ,arrival,1.1666666666666667,18,18,24,653.5672805453642,183.3432998362418,0,101.25371224509999,0,0,653.5672805453642,23R/05L,1,0,11,0,0,1,1,0,0,6,6
24-Oct-2024_SAS4610 ,departure,9.883333333333333,18,18,24,2230.1687438627646,605.0649398442156,0,1628.497746754769,104.571349969,793.0457372249411,1332.5516566688234,23R/05L,1,0,11,0,0,0,0,4,5,0,0
24-Oct-2024_RUK1900 ,departure,9.766666666666667,18,18,24,843.793909364578,258.98516272405703,0,507.7060610318583,116.843538226,0,726.950371138578,23R/05L,1,0,11,1,0,0,0,5,5,0,0
24-Oct-2024_EXS85NQ ,arrival,4.95,18,18,24,2293.4185135311955,701.8976595498509,0,1700.1542994089652,126.201474686,0,2167.2170388451955,23R/05L,1,0,11,0,0,2,0,0,0,6,5
25-Oct-2024_THY5ZR  ,arrival,8.216666666666667,19,19,25,1299.9435012863544,242.51472126707006,0,1053.9626219628544,106.733294121,0,1193.2102071653544,,-1,0,15,0,0,2,1,0,0,6,5
25-Oct-2024_UAE20   ,departure,4.0,19,19,25,1462.5401647346944,144.39588021912846,0,1121.2900313181763,0,974.8760264943767,487.6641382403177,23R/05L,1,0,15,1,0,0,0,7,6,0,0
25-Oct-2024_NOZ1349 ,departure,9.666666666666666,19,19,25,3276.1257480021504,540.5321894600471,0,3062.1368233861645,0,2008.432047771288,1267.6937002308625,23R/05L,1,0,15,3,2,0,0,5,5,0,0
25-Oct-2024_QTR46W  ,departure,8.25,19,19,25,2464.566630763516,397.606850216909,0,2282.3974224011304,0,974.8760264943767,1489.6906042691394,23R/05L,1,0,15,2,2,0,0,6,6,0,0
25-Oct-2024_RYR3VG  ,departure,1.3666666666666667,19,19,25,257.58727429411374,73.29215309350651,0,84.61933854019948,0,0,257.58727429411374,23R/05L,1,0,14,0,0,0,0,4,5,0,0
25-Oct-2024_EZY68XC ,departure,11.383333333333333,19,19,25,1910.5713302163654,369.77929166820564,0,1695.4444074353046,88.9090138822,974.8760264943767,846.7862898397887,23R/05L,1,0,17,4,3,0,0,8,6,0,0
25-Oct-2024_EXS87EN ,arrival,8.116666666666667,19,19,25,3179.3420409133723,544.2670628097942,0,2933.580738927476,68.8858870922,1019.764459621634,2090.6916941995382,23R/05L,1,0,17,0,0,3,2,0,0,8,6
25-Oct-2024_TOM38W  ,arrival,10.0,19,19,25,3003.8802770110724,539.5005470933711,0,2802.186867561576,68.0426694591,1019.764459621634,1916.073147930338,23R/05L,1,0,18,0,0,3,2,0,0,7,6
25-Oct-2024_RYR5GA  ,departure,10.666666666666666,19,19,25,974.1883623623146,398.7975763233092,0,709.0750727290003,90.631546504,0,883.5568158583146,23R/05L,1,0,17,2,2,0,0,6,6,0,0
25-Oct-2024_RYR5DZ  ,departure,12.2,19,19,25,964.2767111591146,403.273070992745,0,662.831530627613,101.443894651,0,862.8328165081145,23R/05L,1,0,17,3,3,0,0,7,6,0,0
25-Oct-2024_NOZ1327 ,departure,15.75,19,20,25,3620.6429906514777,657.875312028176,0,3303.3052905922646,67.0714083598,2643.68037537876,909.8912069129178,23R/05L,1,0,11,3,5,0,0,6,5,0,0
25-Oct-2024_RUK9LP  ,arrival,5.816666666666666,19,19,25,2132.5034704201603,541.9463476306045,0,1837.1986402088414,116.843538226,612.4411099956866,1403.2188221984738,23R/05L,1,0,14,0,0,1,1,0,0,7,5
25-Oct-2024_RYR99HE ,departure,9.3,19,20,25,1023.7835643094943,391.0986285284237,0,751.6595470378003,87.1816780958,0,936.6018862136943,23R/05L,1,0,15,2,3,0,0,7,6,0,0
25-Oct-2024_EXS069J ,arrival,9.233333333333333,20,19,25,2208.5422483081093,427.93162562672467,0,1782.716038614929,116.8475823,650.6122274909001,1441.0824385172093,23R/05L,1,0,14,0,0,3,2,0,0,8,5
25-Oct-2024_TOM439  ,arrival,5.516666666666667,20,19,25,2027.774651911268,698.4368842029039,0,1798.6094386103846,91.9089601694,0,1935.865691741868,23R/05L,1,0,12,0,0,2,2,0,0,7,5
25-Oct-2024_AFR91WA ,arrival,9.716666666666667,20,20,25,2316.7556883524103,492.0860134429201,0,2195.3594769551773,126.201474686,0,2190.5542136664103,23R/05L,1,0,8,0,0,0,1,0,0,4,3
25-Oct-2024_EZY15QK ,arrival,3.4833333333333334,20,20,25,1731.1191455178928,562.5786732059357,0,1165.5475705102426,162.1488571428,886.4465447797426,682.5237435953503,23R/05L,1,0,8,0,0,0,0,0,0,4,4
25-Oct-2024_EZY91RT ,arrival,3.9833333333333334,20,20,25,1749.2134861711875,567.4322541299725,0,1204.5931143845496,103.676652407,0,1645.5368337641876,23R/05L,1,0,9,0,0,0,1,0,0,4,4
25-Oct-2024_DLH5UX  ,arrival,4.3,20,20,25,2045.5763778928379,411.3538993006937,0,1799.3508556154413,112.574782287,0,1933.0015956058378,23R/05L,1,0,10,0,0,0,1,0,0,4,4
25-Oct-2024_RYR77YX ,arrival,3.5,20,20,25,1391.6609157355788,293.0096188253881,0,1087.9777130400255,103.788931741,623.2193247307075,664.6526592638713,23R/05L,1,0,9,0,0,0,1,0,0,4,4
25-Oct-2024_SHT2R   ,arrival,5.716666666666667,20,20,25,1618.117574887728,442.5776902836189,0,1207.8339287753256,87.6834748021,575.4407558091866,954.9933442764416,23R/05L,1,0,10,0,0,0,2,0,0,4,5
25-Oct-2024_RYR70XX ,arrival,4.766666666666667,20,20,25,1978.0548071695655,658.9586559239541,0,1740.1272410607994,73.4295357349,1150.1577085007834,754.4675629338822,23R/05L,1,0,8,0,0,0,1,0,0,4,4
26-Oct-2024_EXS2KC  ,departure,4.8,16,16,26,727.1647823297272,217.67670556879978,0,546.5730786265792,0,0,727.1647823297272,23R/05L,1,0,10,0,1,0,0,5,3,0,0
26-Oct-2024_RYR79KJ ,arrival,3.6166666666666667,16,16,26,1100.5491949733348,373.3926737075616,0,860.5920175453741,112.201789352,574.7169526915969,413.6304529297379,,-1,0,11,0,0,0,0,0,0,7,3
26-Oct-2024_EZY16AH ,departure,7.8,16,16,26,1299.5233364083906,232.54549111979014,0,1121.2900313181763,0,891.6137929142803,407.90954349411027,23R/05L,1,0,12,1,1,0,0,6,3,0,0
26-Oct-2024_RYR390H ,departure,11.033333333333333,16,16,26,1082.5765008835076,390.0071142026307,0,830.5640984712003,82.4634639933,596.2474295666939,403.8656073235137,23R/05L,1,0,10,2,2,0,0,4,3,0,0
26-Oct-2024_EZY2021 ,departure,10.583333333333334,16,16,26,1986.7401198438656,282.0330551082122,0,1802.8559328269039,0,974.8760264943767,1011.8640933494889,23R/05L,1,0,13,3,3,0,0,7,4,0,0
26-Oct-2024_EJU87XB ,arrival,5.55,16,16,26,2056.8592443958214,458.2422590625623,0,1563.8930549574545,71.1519727783,923.4468989662427,1062.2603726512789,23R/05L,1,0,11,0,0,1,0,0,0,7,3
26-Oct-2024_RUK1248 ,arrival,4.4,16,16,26,1781.4371721989316,484.24534234001806,0,1341.993462662629,116.843538226,575.4407558091866,1089.152878163745,23R/05L,1,0,12,0,0,2,1,0,0,7,4
26-Oct-2024_EJU87QK ,arrival,7.183333333333334,16,16,26,1748.1688962743876,503.84781288864804,0,1125.6885712565495,78.3397662866,0,1669.8291299877876,23R/05L,1,0,14,0,0,2,2,0,0,6,4
26-Oct-2024_SHT3G   ,departure,10.166666666666666,16,16,26,1502.202209442289,348.62867221320204,0,1306.2831668613749,84.7457731106,746.9421803053973,670.5142560262917,23R/05L,1,0,17,1,3,0,0,5,4,0,0
26-Oct-2024_IBS3693 ,departure,11.3,16,16,26,938.7571684079272,389.07807939550906,0,662.831530627613,101.443894651,0,837.3132737569272,23R/05L,1,0,16,1,6,0,0,5,4,0,0
26-Oct-2024_RYR5DN  ,arrival,4.75,16,16,26,1491.6092918418806,561.7533502591954,0,1087.9777130400255,103.788931741,806.5635632358426,581.256796865038,23R/05L,1,0,14,0,0,0,2,0,0,6,4
26-Oct-2024_EAG19E  ,departure,10.166666666666666,16,16,26,1544.635121909289,435.4015401545291,0,1387.2043563481748,0,746.9421803053973,797.6929416038917,23R/05L,1,0,16,2,7,0,0,6,5,0,0
26-Oct-2024_RUK3219 ,arrival,5.05,16,16,26,2246.9908158654603,582.4963173343688,0,1969.9523795533414,87.1816780958,612.4411099956866,1547.3680277739736,23R/05L,1,0,15,0,0,1,1,0,0,7,3
26-Oct-2024_EXS1MA  ,departure,12.7,16,16,26,3519.509793335351,572.6536501730286,0,3348.6441140217644,0,2008.432047771288,1511.077745564063,23R/05L,1,0,17,3,6,0,0,7,4,0,0
26-Oct-2024_RYR42WZ ,arrival,5.133333333333334,16,16,26,1845.3000871467052,593.9292805275601,0,1629.9787496335996,101.443894651,0,1743.8561924957053,23R/05L,1,0,16,0,0,1,3,0,0,8,4
26-Oct-2024_SWR357K ,departure,15.616666666666667,16,17,26,3062.2463493152786,699.7632740312295,0,2642.4744600346025,0,1499.075981603548,1563.1703677117307,23R/05L,1,0,19,4,5,0,0,8,4,0,0
26-Oct-2024_EJU67BR ,arrival,4.1,16,16,26,1397.5504333857104,345.5084586632261,0,928.7977470268495,88.9090138822,575.4407558091866,733.2006636943238,23R/05L,1,0,16,0,0,2,3,0,0,9,4
26-Oct-2024_ETH729  ,departure,16.566666666666666,16,17,26,3307.3148087934505,624.7978594105679,0,3073.2498839711643,106.423920412,1743.1865729575538,1457.7043154238968,23R/05L,1,0,20,6,5,0,0,9,5,0,0
26-Oct-2024_EZY56NL ,departure,14.333333333333334,16,17,26,1544.635121909289,435.4015401545291,0,1387.2043563481748,0,746.9421803053973,797.6929416038917,23R/05L,1,0,19,4,4,0,0,9,4,0,0
26-Oct-2024_EJU87NA ,departure,30.366666666666667,16,17,26,1879.4201455157515,407.0652182955769,0,1564.0909375717688,78.3397662866,1317.2456923341124,483.8346868950391,,-1,0,12,9,3,0,0,8,2,0,0
26-Oct-2024_RYR90ZH ,arrival,5.8,16,16,26,1983.7290457356055,581.4670909507918,0,1517.3316763159291,90.631546504,575.4407558091866,1317.656743422419,23R/05L,1,0,15,0,0,2,1,0,0,10,2
26-Oct-2024_LOG25BR ,departure,9.316666666666666,16,17,26,945.9289249307973,270.3235206446804,0,746.9421803053973,87.6834748021,596.2474295666939,261.9980205620034,,-1,0,15,4,1,0,0,9,2,0,0
26-Oct-2024_SXS1TP  ,departure,17.066666666666666,16,17,26,2871.1646525258884,728.6985006477767,0,2642.4744600346025,101.049188081,974.8760264943767,1795.2394379505117,23R/05L,1,0,15,5,2,0,0,10,2,0,0
26-Oct-2024_TAP1313 ,departure,24524.433333333334,17,17,12,4395.793738241133,847.625646211693,0,2279.731463001046,120.216071857,2025.922477325268,2249.6551890588644,23R/05L,1,0,15,101,111,0,0,10,1,0,0
26-Oct-2024_SXS6ZM  ,arrival,6.733333333333333,17,17,26,2090.9238105015315,409.3782993529636,0,1747.4198142793846,104.792093998,0,1986.1317165035316,23R/05L,1,0,13,0,0,4,0,0,0,11,1
26-Oct-2024_RYR428Q ,departure,16.816666666666666,17,17,26,1113.1255982312075,294.43753454945846,0,827.0248502434933,113.012561341,596.2474295666939,403.8656073235136,23R/05L,1,0,16,4,1,0,0,10,2,0,0
26-Oct-2024_S5BBV   ,arrival,8.916666666666666,17,17,26,2392.894057054505,466.29235973596786,0,2009.8692952934716,0,1097.475619629873,1295.418437424632,23R/05L,1,0,12,0,0,2,0,0,0,8,1
26-Oct-2024_EZY27YN ,departure,11.866666666666667,17,17,26,1958.1968021193652,372.13493913585154,0,1748.887065417704,83.0918278028,974.8760264943767,900.2289478221885,23R/05L,1,0,10,3,1,0,0,8,2,0,0
26-Oct-2024_UAE19   ,arrival,1526.0833333333333,18,17,27,1840.8635801305652,276.9446033246795,0,1560.37792694336,139.479225601,1097.475619629873,603.908734899692,23R/05L,1,0,21,0,0,12,13,0,0,8,2
26-Oct-2024_AUR79B  ,departure,5.083333333333333,17,17,26,982.8454283150816,310.1503189420452,0,709.0750727290003,0,0,982.8454283150816,23R/05L,1,0,11,1,1,0,0,8,2,0,0
27-Oct-2024_DLH3AE  ,departure,5.783333333333333,18,18,27,1736.0675158845825,504.8454348753462,0,1357.6733327053473,0,578.1768592638504,1157.890656620732,23L/05R,2,1,11,0,1,0,0,6,3,0,0
27-Oct-2024_RUK799V ,departure,28.45,17,18,27,2304.376777818454,662.0715912290013,1,1964.0998308546864,0,577.1881546986612,1727.1886231197927,23L/05R,2,1,12,3,7,0,0,5,2,0,0
27-Oct-2024_EJU95DL ,arrival,5.666666666666667,18,18,27,1867.4898825861494,455.35743830218354,0,1540.071225995029,64.6124524558,923.4468989662427,879.4305311641068,,-1,1,12,0,0,0,0,0,0,7,3
27-Oct-2024_EXS41R  ,arrival,2.816666666666667,18,18,27,1401.3800506721273,174.11871843740903,0,1171.8996456004986,0,612.4411099956866,788.9389406764407,23R/05L,1,1,13,0,0,0,3,0,0,6,5
27-Oct-2024_SAS541  ,arrival,3.45,18,18,27,194.36714813359998,203.60811382930683,0,0,170.07485191,0,24.292296223599976,,-1,1,14,0,0,1,0,0,0,8,3
27-Oct-2024_RYR1FJ  ,departure,11.95,18,18,27,2365.3903923546154,1113.2595879705273,1,1700.2290000928717,101.443894651,577.1881546986612,1686.7583430049544,,-1,1,21,3,3,0,0,7,5,0,0
27-Oct-2024_ETH729  ,departure,17.283333333333335,18,18,27,3068.1090310959894,781.8116032940203,0,2680.4290427467495,112.840287221,1346.4874057270276,1608.7813381479618,,-1,1,21,4,5,0,0,8,5,0,0
27-Oct-2024_RYR773X ,arrival,5.75,18,18,27,1839.9318476262317,544.3513681035762,0,1474.747202007129,0,575.4407558091866,1264.4910918170451,23R/05L,1,1,17,0,0,2,0,0,0,8,4
27-Oct-2024_RANGER1 ,departure,1.3333333333333333,18,18,27,266.0399843097,118.96463116678679,0,111.83339767679999,67.8586664272,0,198.1813178825,,-1,1,14,0,0,0,0,7,5,0,0
27-Oct-2024_SWR357K ,departure,33.35,18,19,27,155.8830617489,95.17025471496494,0,45.6198245659,67.0385622797,0,88.84449946919999,,-1,0,15,11,13,0,0,8,5,0,0
27-Oct-2024_RYR501E ,arrival,5.55,18,18,27,2000.3586048958657,655.9781780955943,0,1676.8187674017995,112.201789352,1150.1577085007834,737.9991070430822,23R/05L,1,1,19,0,0,2,1,0,0,9,5
27-Oct-2024_EZY14WT ,departure,15.55,18,18,27,2164.0437144665275,999.6233203871842,1,1494.8400614902223,71.1519727783,0,2092.8917416882273,,-1,1,22,3,6,0,0,8,6,0,0
27-Oct-2024_SXS9VU  ,departure,20.7,18,18,27,2673.0447036355317,943.9162063211983,0,2324.8766215494875,101.049188081,578.1768592638504,1993.8186562906812,,-1,1,22,5,8,0,0,9,6,0,0
27-Oct-2024_RYR6968 ,arrival,9.5,18,18,27,2144.9936739353134,562.9005780302707,0,1891.0478281199414,82.4634639933,923.4468989662427,1139.0833109757705,23R/05L,1,1,21,0,0,2,3,0,0,11,5
27-Oct-2024_TOM3DL  ,departure,12.266666666666667,18,18,27,3155.257387939486,789.016467504099,0,2717.2498143443786,0,1346.4874057270276,1808.7699822124582,23L/05R,2,1,22,2,5,0,0,10,6,0,0
27-Oct-2024_RYR4TJ  ,arrival,2.966666666666667,18,18,27,179.4595629141873,84.25050454043597,0,0,90.631546504,0,88.8280164101873,,-1,1,18,0,0,1,1,0,0,11,6
27-Oct-2024_EZY39QU ,departure,11.55,18,18,27,1855.328935367772,590.4115318949406,0,1485.258094341789,91.6845157884,805.3155182386618,958.3289013407102,,-1,1,23,3,4,0,0,10,6,0,0
27-Oct-2024_TAP1313 ,departure,14.666666666666666,18,18,27,2927.072369962259,1004.9944160415242,0,2379.5276141999875,107.541906653,578.1768592638504,2241.3536040454087,,-1,1,21,5,7,0,0,11,5,0,0
27-Oct-2024_SXS5Q   ,arrival,9.8,18,18,27,2196.884715518782,662.0921454851332,0,1732.2059073941014,101.049188081,0,2095.835527437782,23R/05L,1,1,22,0,0,3,4,0,0,11,5
27-Oct-2024_RUK53MK ,departure,14.583333333333334,18,18,27,2050.1297158221455,887.3638881221515,1,1483.6915100126685,113.012561341,0,1937.1171544811455,,-1,1,22,5,8,0,0,11,6,0,0
27-Oct-2024_EZY479L ,departure,15.266666666666667,18,18,27,2088.0951460110173,861.8901899105318,1,1591.699754589222,75.8500189717,0,2012.2451270393174,,-1,1,22,6,8,0,0,12,6,0,0
27-Oct-2024_EXS17YP ,arrival,9.233333333333333,18,18,27,2462.7846961611876,634.4018981054941,0,2060.7897781776137,127.735225864,0,2335.049470297188,23R/05L,1,1,20,0,0,3,4,0,0,12,5
27-Oct-2024_EZY65WE ,departure,12.566666666666666,18,18,27,2023.2844757619007,592.3132287725564,0,1648.1440335502648,83.4322277087,916.9506637659618,1022.9015842872387,23L/05R,2,1,18,5,6,0,0,11,5,0,0
27-Oct-2024_RYR703T ,arrival,5.2,18,18,27,1655.262343616271,517.5465382493763,0,1408.3969938789123,116.843538226,623.2193247307075,915.1994806595635,23R/05L,1,1,18,0,0,2,2,0,0,12,5
27-Oct-2024_EAG18C  ,arrival,4.683333333333334,18,18,27,1630.8838243989928,332.73072200029753,0,1165.5475705102426,61.9135360239,886.4465447797426,682.5237435953503,23R/05L,1,1,18,0,0,2,3,0,0,11,5
27-Oct-2024_TOM509  ,arrival,7.183333333333334,18,18,27,2672.1063999023295,461.2281408997893,0,2459.440269168046,67.0714083598,1019.764459621634,1585.2705319208953,23R/05L,1,1,17,0,0,3,3,0,0,10,5
27-Oct-2024_RYR11NH ,arrival,6.65,18,18,27,1813.6721527520576,638.3974460151459,0,1541.1507332234123,87.1816780958,623.2193247307075,1103.2711499255502,23R/05L,1,1,14,0,0,3,2,0,0,9,4
27-Oct-2024_EJU91AC ,departure,7.75,18,19,27,460.0465071566948,311.30726596057264,0,291.3557804824,64.6124524558,0,395.4340547008948,,-1,0,14,4,2,0,0,9,4,0,0
27-Oct-2024_EIN21KX ,arrival,1.2833333333333334,19,19,27,672.0364641758906,147.46175908966308,0,101.25371224509999,0,0,672.0364641758906,23R/05L,1,0,9,0,0,2,0,0,0,7,2
29-Oct-2024_PGT46LB ,arrival,7.4,11,11,29,1633.17937962802,550.838467018799,0,1132.3659100447342,67.0714083598,697.2486066485341,868.8593646196858,,-1,1,11,0,0,0,2,0,0,5,2
29-Oct-2024_EZY67QR ,arrival,3.85,11,11,29,1942.0417278042387,384.625090016999,0,1620.8937488027616,170.07485191,612.4411099956866,1159.525765898552,23R/05L,1,1,13,0,0,0,2,0,0,5,5
29-Oct-2024_THY4FB  ,departure,21.016666666666666,11,11,29,2358.1787269930096,709.0891998787713,0,1858.414161082945,112.574782287,578.1768592638504,1667.4270854421593,23L/05R,2,1,16,5,9,0,0,5,7,0,0
29-Oct-2024_CHH754  ,departure,14.366666666666667,11,11,29,2547.6846042205757,753.4805418369776,0,2134.4328541260143,126.201474686,578.1768592638504,1843.3062702707252,,-1,1,18,2,5,0,0,6,5,0,0
29-Oct-2024_RYR53RC ,departure,12.183333333333334,11,11,29,2083.939285851713,1050.3358997634468,1,1611.4009836826842,87.1816780958,577.1881546986612,1419.5694530572518,,-1,1,20,3,4,0,0,10,5,0,0
29-Oct-2024_BEL8MP  ,departure,12.383333333333333,11,11,29,2545.098945942574,775.2224964601911,0,2522.0368833084126,112.840287221,578.1768592638504,1854.0817994577237,,-1,1,17,1,4,0,0,7,4,0,0
29-Oct-2024_RYR1PX  ,departure,9.483333333333333,11,11,29,1952.2222934496583,707.3638891902879,1,1483.6915100126685,113.012561341,0,1839.2097321086583,,-1,1,19,0,3,0,0,8,4,0,0
29-Oct-2024_RYR2ZE  ,arrival,5.3,11,11,29,1742.652919798585,514.3217812881712,0,1395.842650573729,0,886.4465447797426,856.2063750188423,23R/05L,1,1,19,0,0,0,1,0,0,9,4
29-Oct-2024_EXS1WD  ,departure,14.766666666666667,11,11,29,3439.3858053132612,929.1607840163658,0,2992.6440443949787,0,1418.3954056398843,2020.990399673377,23L/05R,2,1,20,4,5,0,0,9,5,0,0
29-Oct-2024_EZY237G ,arrival,12.216666666666667,11,11,29,2050.9964356613214,516.5878902948629,0,1660.7527480564545,162.1488571428,923.4468989662427,965.4006795522788,23R/05L,1,1,20,0,0,3,3,0,0,10,4
29-Oct-2024_TOM118  ,departure,17.6,11,11,29,3114.8716049824957,903.1300052336488,0,2772.6183864471163,110.712389807,1346.4874057270276,1657.6718094484681,,-1,1,20,7,7,0,0,11,5,0,0
29-Oct-2024_RUK1592 ,arrival,6.666666666666667,11,11,29,1600.333722566671,462.43522282348175,0,1462.2461817900123,0,623.2193247307075,977.1143978359635,23R/05L,1,1,19,0,0,1,2,0,0,13,5
29-Oct-2024_AFR1669 ,departure,21.633333333333333,11,11,29,3189.1675104766255,964.9897588489489,0,2683.5311298151796,106.064213968,1346.4874057270276,1736.615890781598,,-1,1,21,8,9,0,0,12,5,0,0
29-Oct-2024_EZY121A ,departure,12.616666666666667,11,11,29,2183.645565122225,775.3799466746423,1,1702.496611008337,86.2988381711,0,2097.3467269511248,23L/05R,2,1,19,6,6,0,0,13,5,0,0
29-Oct-2024_RYR901X ,arrival,5.816666666666666,11,11,29,2551.119050785339,605.3712750115491,0,2105.620413731729,112.201789352,923.4468989662427,1515.470362467096,23R/05L,1,1,16,0,0,4,2,0,0,12,3
29-Oct-2024_EAI66L  ,arrival,3.533333333333333,11,11,29,1736.9819542523928,504.23304197363507,0,1068.6878774112427,71.1519727783,886.4465447797426,779.3834366943503,23R/05L,1,1,16,0,0,2,1,0,0,11,4
29-Oct-2024_RYR48QK ,arrival,2.216666666666667,11,11,29,1262.2725756151842,207.09450000618546,0,1054.1037882411256,0,623.2193247307075,639.0532508844767,23R/05L,1,1,15,0,0,2,2,0,0,10,4
29-Oct-2024_EZY17FX ,arrival,3.1666666666666665,11,11,29,1267.5689216483913,458.66938500239615,0,1048.6439362255326,83.0918278028,0,1184.4770938455913,23R/05L,1,1,12,0,0,2,2,0,0,8,3
29-Oct-2024_PGT81UN ,departure,22.616666666666667,11,11,29,3353.035643115001,829.8914134356756,0,2961.498615567513,67.0385622797,2061.555057541174,1224.4420232941275,,-1,1,12,2,7,0,0,7,3,0,0
29-Oct-2024_TOM102  ,departure,11.483333333333333,11,11,29,2472.7064720311637,1040.8903781727408,0,1999.8631553484506,127.735225864,578.1768592638504,1766.7943869033134,,-1,1,15,2,3,0,0,7,3,0,0
29-Oct-2024_RYR106B ,arrival,0.9166666666666666,11,11,29,691.6861800837839,96.37671626395866,0,74.42402597062541,0,0,691.6861800837839,23R/05L,1,1,11,0,0,1,0,0,0,8,3
29-Oct-2024_EZY21YK ,arrival,4.0,11,11,29,1580.9532319434104,426.02553718050245,0,1149.9808674801495,104.571349969,575.4407558091866,900.9411261652237,23R/05L,1,1,11,0,0,1,0,0,0,7,2
29-Oct-2024_VLG725H ,arrival,6.55,11,11,29,2399.752203955161,534.3773355628016,0,2058.780395963529,101.443894651,923.4468989662427,1374.8614103379182,23R/05L,1,1,13,0,0,2,2,0,0,8,3
29-Oct-2024_EJU34GJ ,arrival,4.2,11,11,29,1630.8838243989928,332.73072200029753,0,1165.5475705102426,61.9135360239,886.4465447797426,682.5237435953503,23R/05L,1,1,12,0,0,1,0,0,0,7,3
29-Oct-2024_SHT2Q   ,arrival,4.033333333333333,11,11,29,1571.0021932495927,318.9161398571779,0,1122.6356493447372,82.9530943613,886.4465447797426,601.6025541085502,23R/05L,1,1,13,0,0,1,2,0,0,7,4
29-Oct-2024_QTR88G  ,arrival,10.716666666666667,11,11,29,2860.744122353672,582.5725414102287,0,2691.2539009455763,0,0,2860.744122353672,23R/05L,1,1,10,0,0,0,3,0,0,6,4
29-Oct-2024_TOM9HW  ,arrival,0.38333333333333336,11,11,29,206.65167044959736,0.9547454581665704,0,0,0,0,206.65167044959736,23R/05L,1,1,9,0,0,0,0,0,0,6,3
29-Oct-2024_SXS6K   ,arrival,5.916666666666667,12,11,29,2414.6642945977105,608.8498905090042,0,2176.221460609314,104.792093998,0,2309.8722005997106,23R/05L,1,1,12,0,0,2,1,0,0,6,3
29-Oct-2024_EZY42YE ,arrival,5.416666666666667,12,11,29,1204.6678960982015,263.1678920969642,0,755.1017460344381,0,575.4407558091866,629.2271402890149,23R/05L,1,1,9,0,0,5,2,0,0,6,3
29-Oct-2024_CAI8125 ,arrival,2.7666666666666666,12,11,29,1173.980734684945,178.82951600691155,0,841.2169262098206,0,0,1173.980734684945,23R/05L,1,1,10,0,0,4,1,0,0,6,4
29-Oct-2024_VIR109V ,departure,1.6,11,12,29,177.8543372478,87.90740419807372,0,33.0673920687,106.423920412,0,71.4304168358,,-1,0,12,0,0,0,0,5,4,0,0
29-Oct-2024_EZY24XD ,departure,1.0166666666666666,12,12,29,139.5375446523,171.37533279455783,0,31.81302072,83.4322277087,0,56.1053169436,,-1,0,12,2,1,0,0,6,5,0,0
29-Oct-2024_RUK4776 ,departure,1.1666666666666667,12,12,29,206.94323877958732,88.03561209218157,0,82.2342883991,78.4654082791,0,128.4778305004873,,-1,0,12,3,1,0,0,7,5,0,0
31-Oct-2024_EJU51UP ,departure,15.216666666666667,09,10,31,1890.8804990992583,497.26351059038916,0,1590.4777554321647,0,859.2843856478618,1031.5961134513964,23L/05R,2,1,10,1,5,0,0,4,3,0,0
31-Oct-2024_VIR74Y  ,arrival,32.016666666666666,10,09,31,2586.253471109674,585.4919129605674,0,1986.3657522069884,127.735225864,0,2458.5182452456743,,-1,0,18,0,0,3,6,0,0,6,4
31-Oct-2024_SAS540  ,departure,8.733333333333333,09,10,31,1994.388055625018,587.8683713775494,0,1495.2497768695525,103.676652407,578.1768592638504,1312.5345439541675,,-1,1,15,0,1,0,0,5,3,0,0
31-Oct-2024_PGT38X  ,arrival,6.266666666666667,10,10,31,1792.2768689499565,325.15224661917733,0,1684.2771901445317,67.0385622797,1019.764459621634,705.4738470486224,,-1,1,14,0,0,0,0,0,0,6,5
31-Oct-2024_EJU85QA ,departure,11.366666666666667,10,10,31,2106.1636148767407,841.0190904684209,0,1702.496611008337,0,0,2106.1636148767407,23L/05R,2,1,15,2,5,0,0,7,8,0,0
31-Oct-2024_EZY48DR ,arrival,5.15,10,10,31,1840.8571950573034,610.2879011538566,0,1125.6885712565495,170.07485191,0,1670.7823431473034,23R/05L,1,1,15,0,0,1,0,0,0,8,7
31-Oct-2024_IBS18LC ,departure,27.05,10,10,31,2487.9066656764753,1231.871201852826,1,1811.0258565119866,101.443894651,715.1878870562356,1671.27488396924,23L/05R,2,1,16,2,5,0,0,6,4,0,0
31-Oct-2024_RYR9TE  ,departure,14502.033333333333,10,12,10,3035.4452259483987,1238.7675882394842,1,751.6595470378003,87.1816780958,1173.435584265355,1774.8279635872436,23R/05L,1,0,17,39,38,0,0,6,4,0,0
31-Oct-2024_CPA216  ,departure,14.65,10,10,31,2809.187498222563,718.1334196892776,0,2158.2553147867875,127.735225864,578.1768592638504,2103.275413094713,,-1,1,15,0,3,0,0,7,4,0,0
31-Oct-2024_UAE34Y  ,arrival,4.833333333333333,10,10,31,1822.01809751806,349.4863980840238,0,1560.37792694336,139.479225601,522.0348638206866,1160.5040080963731,23R/05L,1,1,15,0,0,0,2,0,0,8,4
31-Oct-2024_TOM142  ,departure,14.633333333333333,10,10,31,2658.481460639691,831.0570593037207,0,2292.825013564351,126.201474686,578.1768592638504,1954.1031266898403,,-1,1,18,2,4,0,0,8,5,0,0
31-Oct-2024_EXS53RN ,departure,16.25,10,10,31,3322.811473950936,914.6779225788357,0,2993.7840508663494,64.7498008456,1715.6396378577615,1542.4220352475745,,-1,1,21,3,5,0,0,9,5,0,0
31-Oct-2024_AEE638  ,arrival,11.466666666666667,10,10,31,2618.5112820013665,716.9937571698567,0,2195.3594769551773,126.201474686,0,2492.3098073153665,23R/05L,1,1,17,0,0,3,2,0,0,10,3
31-Oct-2024_LGL4542 ,departure,13.016666666666667,10,10,31,1869.3323526297006,411.40335807199915,0,1590.4777554321647,91.6845157884,805.3155182386618,972.3323186026389,23L/05R,2,1,19,4,2,0,0,10,3,0,0
31-Oct-2024_RYR68NJ ,arrival,4.016666666666667,10,10,31,2105.6774479412793,616.0907890563016,0,1610.4152361855163,112.201789352,1150.1577085007834,843.3179500884958,23R/05L,1,1,13,0,0,0,0,0,0,10,3
31-Oct-2024_SXS3P   ,arrival,12.533333333333333,10,10,31,2480.7476965277383,621.9342602689794,0,2207.6380516201884,107.541906653,0,2373.2057898747385,,-1,1,20,0,0,5,3,0,0,10,3
31-Oct-2024_EZY21YK ,arrival,4.083333333333333,10,10,31,1679.8402369216928,502.30296667142295,0,1119.2900744194426,64.6124524558,886.4465447797426,728.7812396861503,23R/05L,1,1,17,0,0,2,1,0,0,8,5
31-Oct-2024_SHT2Q   ,arrival,3.65,10,10,31,1746.662231822401,591.886106698009,0,1122.6356493447372,82.9530943613,0,1663.7091374611011,23R/05L,1,1,17,0,0,2,1,0,0,9,5
31-Oct-2024_VIR73Q  ,departure,12.766666666666667,10,10,31,2179.3926566192463,414.5451599105543,0,2033.0950991975217,106.423920412,1288.3547096307275,784.6140265765189,,-1,1,13,5,9,0,0,8,5,0,0
31-Oct-2024_AFR76HT ,arrival,9.816666666666666,10,10,31,1911.264170524738,278.6906655079563,0,1702.9481445988415,0,0,1911.264170524738,23R/05L,1,1,16,0,0,3,6,0,0,7,7
31-Oct-2024_PGT46LB ,arrival,8.716666666666667,10,10,31,1183.3783963273877,271.52858443340097,0,842.9428707059319,0,0,1183.3783963273877,23R/05L,1,1,14,0,0,3,7,0,0,7,7
31-Oct-2024_TOM742F ,departure,2.466666666666667,10,10,31,218.76869612619998,95.76309967552648,0,76.3314916179,120.26799992,0,98.50069620619999,,-1,1,14,0,1,0,0,6,7,0,0
31-Oct-2024_ICE28T  ,arrival,5.283333333333333,10,10,31,1005.6415385279737,308.22048402653,0,612.9514438760441,0,0,1005.6415385279737,23R/05L,1,1,14,0,0,2,5,0,0,7,7
31-Oct-2024_RYR2ZE  ,arrival,0.4,10,10,31,206.65167044959736,0.9547454581665704,0,0,0,0,206.65167044959736,23R/05L,1,1,10,0,0,0,0,0,0,5,5
09-Nov-2024_DLH6LC  ,departure,5.216666666666667,11,11,09,439.4175635635493,119.91855964882713,0,146.41400482379947,0,0,439.4175635635493,23R/05L,1,0,11,1,0,0,0,4,2,0,0
09-Nov-2024_AFR1669 ,departure,17.183333333333334,11,11,09,3545.1710055242506,662.4479433887082,0,3348.6441140217644,68.8858870922,2008.432047771288,1467.8530706607628,23R/05L,1,0,16,3,3,0,0,6,5,0,0
09-Nov-2024_CHH754  ,departure,7.533333333333333,11,11,09,1232.4633007884904,143.82757327279364,0,1038.02779773808,0,891.6137929142803,340.8495078742101,23R/05L,1,0,14,2,2,0,0,6,3,0,0
09-Nov-2024_RYR4TJ  ,departure,2.283333333333333,11,11,09,257.58727429411374,73.29215309350651,0,84.61933854019948,0,0,257.58727429411374,23R/05L,1,0,10,0,0,0,0,4,2,0,0
09-Nov-2024_SVA123  ,arrival,6.816666666666666,11,11,09,2841.7524110311006,504.95347990064016,0,2600.7288238673164,110.712389807,796.0465784219341,1934.9934428021666,,-1,0,10,0,0,2,1,0,0,4,2
09-Nov-2024_RYR19XX ,arrival,4.516666666666667,11,11,09,1927.1135257220317,628.4871002454415,0,1474.747202007129,87.1816780958,575.4407558091866,1264.4910918170451,23R/05L,1,0,13,0,0,2,0,0,0,7,3
09-Nov-2024_,arrival,50.53333333333333,12,11,09,646.2598819198722,395.7080351573316,0,411.79136193487227,234.468519985,0,411.7913619348722,,-1,0,15,0,0,13,13,0,0,6,5
09-Nov-2024_EZY97KP ,departure,11.866666666666667,11,11,09,2479.039113390794,643.2555360114941,0,1916.6275278886042,104.571349969,974.8760264943767,1399.591736927417,23R/05L,1,0,14,2,4,0,0,6,4,0,0
09-Nov-2024_VLG725H ,arrival,6.133333333333334,11,11,09,2595.681718641588,544.1358168954471,0,2462.9667027918636,67.0385622797,1019.764459621634,1508.8786967402539,,-1,0,14,0,0,2,3,0,0,7,4
09-Nov-2024_EZY76ZC ,arrival,3.3833333333333333,11,11,09,1436.4025332481208,432.8062285590198,0,1036.2092724184495,91.6845157884,0,1344.7180174597208,23R/05L,1,0,12,0,0,1,0,0,0,7,4
09-Nov-2024_PGT81UN ,departure,13.216666666666667,11,11,09,2609.218523420288,605.7486843877592,0,2450.526173906102,0,974.8760264943767,1634.3424969259113,23R/05L,1,0,13,2,2,0,0,6,4,0,0
09-Nov-2024_TAP11EG ,departure,13.816666666666666,11,11,09,3200.8908883814506,533.46486998877,0,3020.1960858201646,0,1743.1865729575538,1457.7043154238968,23R/05L,1,0,14,2,1,0,0,7,3,0,0
09-Nov-2024_RYR559  ,departure,13.183333333333334,12,12,09,902.6750453407273,398.79290591673106,0,615.991512859413,112.201789352,0,790.4732559887273,23R/05L,1,0,14,2,2,0,0,6,5,0,0
09-Nov-2024_RYR4003 ,arrival,4.883333333333334,11,11,09,1810.6669120057811,589.2973844648952,0,1341.993462662629,116.843538226,806.5635632358426,887.2598105439386,23R/05L,1,0,13,0,0,1,0,0,0,7,3
09-Nov-2024_PGT89AN ,departure,16.883333333333333,11,12,09,3430.9462950025504,568.7889241311402,0,3260.3181412686645,0,2008.432047771288,1422.5142472312625,23R/05L,1,0,14,3,5,0,0,6,4,0,0
09-Nov-2024_SHT2Q   ,arrival,9.7,12,11,09,1601.964485240093,319.0567783767432,0,1180.4935670065372,84.7457731106,886.4465447797426,630.7721673497502,23R/05L,1,0,15,0,0,2,3,0,0,7,4
09-Nov-2024_SHT3A   ,departure,12.866666666666667,11,12,09,1442.551613031189,348.76931073276745,0,1248.4252491995749,82.9530943613,746.9421803053973,612.6563383644917,23R/05L,1,0,16,2,5,0,0,7,5,0,0
09-Nov-2024_LOG7WC  ,arrival,3.3833333333333333,11,11,09,1618.117574887728,442.5776902836189,0,1207.8339287753256,87.6834748021,575.4407558091866,954.9933442764416,23R/05L,1,0,14,0,0,2,0,0,0,8,4
09-Nov-2024_ICE29E  ,departure,12.2,11,12,09,2835.2267276202274,605.780868611046,0,2538.2084855394023,0,974.8760264943767,1860.3507011258507,23R/05L,1,0,15,3,5,0,0,7,5,0,0
09-Nov-2024_SAS62N  ,arrival,3.216666666666667,12,11,09,1408.0902061728316,558.0825356239575,0,1103.3394021394497,103.676652407,0,1304.4135537658317,,-1,0,14,0,0,0,1,0,0,7,5
09-Nov-2024_AEE9E   ,departure,12.916666666666666,11,12,09,3875.846826360518,789.458161158117,0,3217.2502426558644,68.0426694591,2520.727193082301,1287.0769638191173,23R/05L,1,0,17,3,4,0,0,7,5,0,0
09-Nov-2024_EZY74RT ,arrival,3.95,12,11,09,1802.6021925927037,299.70770774481196,0,1457.9123371002545,71.8532588843,843.5639174223427,887.185016286061,23R/05L,1,0,14,0,0,0,2,0,0,8,5
09-Nov-2024_RYR9ST  ,arrival,4.766666666666667,12,12,09,2151.3326733684603,558.0675364981737,0,1868.3876482866415,113.012561341,612.4411099956866,1425.8790020317738,23R/05L,1,0,13,0,0,2,1,0,0,8,4
09-Nov-2024_DLH3ML  ,arrival,6.616666666666666,12,12,09,2816.2400758666436,589.846432152226,0,2438.3755613812627,68.8858870922,1019.764459621634,1727.5897291528095,23R/05L,1,0,16,0,0,4,1,0,0,8,4
09-Nov-2024_RUK112V ,arrival,4.833333333333333,12,12,09,1936.0625686053916,622.0143496719487,0,1629.9787496335996,101.443894651,575.4407558091866,1259.177918145205,23R/05L,1,0,14,0,0,3,1,0,0,6,4
09-Nov-2024_EAG13E  ,departure,3.033333333333333,12,12,09,1173.4633838212592,222.57135185205038,0,1018.1533857275398,0,565.1118910359618,608.3514927852974,23R/05L,1,0,13,1,1,0,0,5,5,0,0
09-Nov-2024_SXS7KV  ,departure,15.166666666666666,12,12,09,2598.0019867742594,693.2461288223752,0,2354.344678900768,101.049188081,793.0457372249411,1703.9070614683183,23R/05L,1,0,17,3,2,0,0,6,5,0,0
09-Nov-2024_EZY121A ,departure,11.65,12,12,09,1584.676463989589,409.27825743923876,0,1387.2043563481748,86.2988381711,746.9421803053973,751.4354455130916,23R/05L,1,0,18,2,2,0,0,7,5,0,0
09-Nov-2024_RYR23VA ,departure,11.816666666666666,12,12,09,653.7844349787788,442.5666765037982,0,205.08646841122106,87.1816780958,0,566.6027568829788,,-1,0,12,4,2,0,0,7,4,0,0
09-Nov-2024_RYR14ZL ,departure,9.05,12,12,09,910.8798887033146,389.0613653938529,0,709.0750727290003,90.631546504,0,820.2483421993146,23R/05L,1,0,13,3,2,0,0,8,4,0,0
09-Nov-2024_EZY93YJ ,departure,8.783333333333333,12,12,09,2117.858382024545,634.7196059166308,0,1807.7158931248043,78.3397662866,524.1999551091711,1515.3186606287736,,-1,0,13,5,2,0,0,9,4,0,0
09-Nov-2024_RYR2QK  ,arrival,3.216666666666667,12,12,09,1695.5874428319178,569.8810940050456,0,1462.2461817900123,82.4634639933,575.4407558091866,1037.6832230294312,23R/05L,1,0,14,0,0,2,0,0,0,10,4
10-Nov-2024_SKV222  ,departure,5.616666666666666,11,11,10,2024.1217465073876,414.84479503638033,0,1442.1724586837342,0,793.0457372249411,1231.0760092824464,23R/05L,1,0,12,0,0,0,0,6,4,0,0
10-Nov-2024_RYR501L ,arrival,3.283333333333333,11,11,10,915.1958944281741,312.53270059271836,0,583.6751358309701,101.443894651,0,813.7519997771742,,-1,0,12,0,0,2,0,0,0,7,3
10-Nov-2024_CHH754  ,departure,8.4,11,11,10,2609.218523420288,605.7486843877592,0,2450.526173906102,0,974.8760264943767,1634.3424969259113,23R/05L,1,0,12,4,2,0,0,7,4,0,0
10-Nov-2024_EZY93YJ ,departure,0.7333333333333333,11,11,10,257.58727429411374,73.29215309350651,0,84.61933854019948,0,0,257.58727429411374,23R/05L,1,0,10,0,0,0,0,6,3,0,0
10-Nov-2024_AFR1669 ,departure,23.983333333333334,11,12,10,3531.145007694827,839.3208403679903,0,3260.3181412686645,67.8586664272,2036.2181866894923,1427.0681545781347,23R/05L,1,0,13,5,7,0,0,4,4,0,0
10-Nov-2024_EXS83W  ,departure,4.483333333333333,11,11,10,479.5320765229493,209.24729886462018,0,328.24429409323506,0,0,479.5320765229493,23R/05L,1,0,10,3,1,0,0,4,3,0,0
10-Nov-2024_KLM32P  ,departure,2.4,11,11,10,267.89784481312466,293.70082421461905,0,68.12985862796408,0,0,267.89784481312466,23R/05L,1,0,12,1,1,0,0,6,4,0,0
10-Nov-2024_EUK931  ,departure,8.95,11,11,10,657.7463480968935,125.73662837899845,0,328.24429409323506,0,0,657.7463480968935,23R/05L,1,0,11,4,1,0,0,5,3,0,0
10-Nov-2024_SVA123  ,arrival,7.966666666666667,11,11,10,2973.9800555100724,505.90822535880676,0,2675.1528498379416,110.712389807,796.0465784219341,2067.2210872811384,23R/05L,1,0,10,0,0,4,1,0,0,7,3
10-Nov-2024_EZY61ZU ,arrival,3.0,11,11,10,1839.9039818977876,683.847812888648,0,1125.6885712565495,170.07485191,0,1669.8291299877876,23R/05L,1,0,9,0,0,1,0,0,0,5,4
10-Nov-2024_EZY367E ,departure,13.683333333333334,11,11,10,1584.676463989589,409.27825743923876,0,1387.2043563481748,86.2988381711,746.9421803053973,751.4354455130916,23R/05L,1,0,10,0,3,0,0,3,3,0,0
10-Nov-2024_VLJ786H ,arrival,5.6,11,11,10,1960.1313306534098,415.4916911736333,0,1538.1290662772294,113.023636983,0,1847.1076936704098,23R/05L,1,0,11,0,0,0,0,0,0,4,3
10-Nov-2024_EAI66L  ,arrival,4.366666666666666,11,11,10,1429.4264223706373,453.1464652175707,0,1004.4345193526427,71.1519727783,886.4465447797426,471.82790481259474,,-1,0,12,0,0,0,1,0,0,5,4
10-Nov-2024_EZY51FZ ,arrival,3.15,11,11,10,1391.7332473063104,346.24020120375906,0,982.2404050092495,83.0918278028,575.4407558091866,733.2006636943238,23R/05L,1,0,12,0,0,0,2,0,0,6,5
10-Nov-2024_RUK7KN  ,departure,7.4,11,11,10,1189.7354268201152,569.4203380307125,0,709.0750727290003,90.631546504,0,1099.1038803161152,23R/05L,1,0,12,1,4,0,0,5,5,0,0
10-Nov-2024_LOG95VL ,arrival,3.55,11,11,10,1618.117574887728,442.5776902836189,0,1207.8339287753256,87.6834748021,575.4407558091866,954.9933442764416,23R/05L,1,0,13,0,0,1,2,0,0,6,5
10-Nov-2024_ICE29E  ,departure,13.516666666666667,11,11,10,2503.3314096143936,640.5173116696169,0,1916.6275278886042,104.571349969,974.8760264943767,1423.8840331510169,23R/05L,1,0,14,3,3,0,0,6,4,0,0
10-Nov-2024_QTR88G  ,arrival,11.533333333333333,11,11,10,2456.1649047910896,483.73454495418264,0,2195.3594769551773,126.201474686,0,2329.9634301050896,23R/05L,1,0,14,0,0,3,2,0,0,6,4
10-Nov-2024_PGT81UN ,departure,27.75,11,12,10,3657.1156304956717,954.4375639254704,0,3159.5211277386315,106.064213968,1403.558874070649,2147.492542457023,23R/05L,1,0,15,7,7,0,0,5,4,0,0
10-Nov-2024_EZY21YK ,arrival,4.2,11,11,10,1344.1077754033104,343.88455373611316,0,928.7977470268495,88.9090138822,575.4407558091866,679.7580057119237,23R/05L,1,0,14,0,0,1,0,0,0,7,4
10-Nov-2024_RYR61LA ,departure,12.666666666666666,11,12,10,938.7571684079272,389.07807939550906,0,662.831530627613,101.443894651,0,837.3132737569272,23R/05L,1,0,17,4,4,0,0,7,6,0,0
10-Nov-2024_RYR81CT ,arrival,3.85,11,11,10,1526.1151471827764,576.3623452040047,0,1240.7397504175292,116.843538226,575.4407558091866,833.8308531475898,,-1,0,14,0,0,1,2,0,0,7,5
10-Nov-2024_MINKE   ,arrival,19.433333333333334,12,11,10,1238.4571289911305,123.64397366374654,0,906.5298931540219,0,522.0348638206866,716.4222651704439,23R/05L,1,0,15,0,0,7,5,0,0,7,4
10-Nov-2024_EZY76ZC ,arrival,4.3,12,12,10,1850.9929446142876,651.7903814700895,0,1036.2092724184495,91.6845157884,0,1759.3084288258876,23R/05L,1,0,11,0,0,2,0,0,0,6,4
10-Nov-2024_RYR28TK ,arrival,5.966666666666667,12,12,10,1730.844124460818,657.4862655256884,0,1501.5009191331123,78.4654082791,575.4407558091866,1076.9379603725313,23R/05L,1,0,12,0,0,2,1,0,0,5,5
10-Nov-2024_DLH3ML  ,arrival,14460.166666666666,13,12,20,3669.650970705002,532.4681739612573,0,2249.252575098131,106.064213968,620.5339919392001,2943.052764797802,23R/05L,1,0,13,0,0,26,25,0,0,4,5
10-Nov-2024_RYR857P ,arrival,4.383333333333334,12,12,10,1689.136185993118,552.1717609445568,0,1439.5860019567124,113.012561341,0,1576.123624652118,23R/05L,1,0,12,0,0,2,1,0,0,4,6
10-Nov-2024_VIR73Q  ,departure,10.75,12,12,10,2479.886926389043,605.084887789473,0,2296.844408817871,112.840287221,768.3105464631772,1598.7360927048658,,-1,0,10,4,3,0,0,3,6,0,0
10-Nov-2024_SHT2Q   ,arrival,4.25,12,12,10,1439.1066999406455,540.7995299419447,0,1058.3822912861374,82.9530943613,0,1356.1536055793456,,-1,0,12,0,0,1,1,0,0,4,6
10-Nov-2024_SXS7KV  ,departure,5.4,12,12,10,2199.4450123232436,365.9390852523413,0,1971.2397747930045,0,1499.075981603548,700.3690307196957,23R/05L,1,0,10,2,2,0,0,3,6,0,0
10-Nov-2024_EAI67F  ,departure,2.0,12,12,10,168.0116658773,95.53108605240905,0,50.6021970082,71.1519727783,0,96.859693099,,-1,0,11,1,1,0,0,4,6,0,0
11-Nov-2024_RYR1AP  ,arrival,1.5833333333333333,18,17,11,413.7907024159479,250.0566255524497,0,170.48968643077401,101.443894651,0,312.3468077649479,,-1,0,7,0,0,0,1,0,0,1,5
11-Nov-2024_EZY49DP ,arrival,0.8166666666666667,18,17,11,401.98943181239486,337.18371853988333,0,138.7791071486,162.1488571428,0,239.84057466959484,,-1,0,8,0,0,0,0,0,0,1,5
11-Nov-2024_EZY7852 ,departure,12.833333333333334,18,18,11,1616.2598758003644,468.94534582783047,1,1230.4671841946852,71.8532588843,0,1544.4066169160644,,-1,1,8,1,6,0,0,1,7,0,0
11-Nov-2024_EXS76RT ,arrival,5.916666666666667,18,18,11,2473.06503609043,592.0837372133786,0,2229.384862546947,106.423920412,796.0465784219341,1570.594537256496,23R/05L,1,1,7,0,0,1,1,0,0,2,5
11-Nov-2024_KLM1036 ,departure,4.516666666666667,18,18,11,1726.3496445525627,313.0380462578114,0,1450.1071423802264,117.850342734,901.8499971799218,706.649304638641,,-1,1,8,0,1,0,0,2,6,0,0
11-Nov-2024_SAS541  ,arrival,4.066666666666666,18,18,11,1749.2134861711875,567.4322541299725,0,1204.5931143845496,103.676652407,0,1645.5368337641876,23R/05L,1,1,6,0,0,0,0,0,0,1,2
11-Nov-2024_RYR44XK ,departure,5.383333333333334,18,18,11,1810.0039566654254,564.7329741839221,1,1518.3224304377331,0,0,1810.0039566654254,23L/05R,2,1,7,0,1,0,0,3,3,0,0
11-Nov-2024_EZY65WE ,departure,9.916666666666666,18,18,11,1744.4736912473006,397.12245203682664,0,1483.0662300405647,88.9090138822,627.7610210964503,1027.8036562686502,23L/05R,2,1,7,1,2,0,0,1,3,0,0
11-Nov-2024_RYR58MV ,departure,9.55,18,18,11,2068.9717725112537,957.8526325904157,1,1653.9854579914843,90.631546504,0,1978.3402260072537,,-1,1,7,2,3,0,0,2,4,0,0
11-Nov-2024_RUK57LH ,arrival,3.3833333333333333,18,18,11,1791.7164379941046,529.4657600875316,0,1541.1507332234123,87.1816780958,0,1704.5347598983046,23R/05L,1,1,6,0,0,2,1,0,0,3,3
12-Nov-2024_TOM104  ,departure,12.016666666666667,17,17,12,2724.0961488965177,570.9429019379472,0,2638.6073579199933,0,1014.0460966443912,1710.0500522521265,23R/05L,1,0,6,2,1,0,0,2,2,0,0
12-Nov-2024_THY9ET  ,departure,12.55,17,17,12,2360.5301495796457,362.06366817026253,0,2253.566070862346,0,1014.0460966443912,1346.4840529352546,23R/05L,1,0,7,0,1,0,0,1,2,0,0
12-Nov-2024_SHT3W   ,departure,11.066666666666666,17,17,12,2155.381482291829,214.40948813411697,0,1997.519186027329,82.9530943613,1857.610014066734,214.81837386379493,,-1,0,7,1,1,0,0,3,2,0,0
12-Nov-2024_XGO2CC  ,arrival,5.6,17,17,12,1674.7716524433345,440.2225665170251,0,1097.2496260315404,0,608.7054608738868,1066.0661915694477,23R/05L,1,0,8,0,0,0,0,0,0,4,2
12-Nov-2024_RAM819I ,departure,10.25,17,17,12,3315.7685138576794,498.65908753895826,0,3208.277269834055,0,1782.3566431075683,1533.4118707501111,23R/05L,1,0,8,0,0,0,0,1,3,0,0
12-Nov-2024_RYR58MV ,departure,9.316666666666666,17,17,12,2699.4740362734206,653.6798948089569,0,2471.5322073948205,113.012561341,1857.610014066734,728.8514608656865,23R/05L,1,0,8,1,0,0,0,2,3,0,0
12-Nov-2024_KLM1036 ,departure,6.333333333333333,17,17,12,3305.608666432195,369.5482940977082,0,3146.3112500830557,0,2596.8976174188156,708.7110490133796,23R/05L,1,0,8,2,0,0,0,3,3,0,0
12-Nov-2024_LHX2505 ,departure,14.25,17,17,12,3563.5212606273953,514.9525760507219,0,3347.602311752522,106.064213968,2331.6521426050813,1125.8049040543142,23R/05L,1,0,7,5,2,0,0,4,3,0,0
12-Nov-2024_EZY15EB ,arrival,3.4166666666666665,17,17,12,1341.5125613450184,361.32859518242526,0,1062.3917936492749,88.9090138822,608.7054608738868,643.8980865889316,23R/05L,1,0,9,0,0,3,0,0,0,5,3
12-Nov-2024_EZY42AK ,departure,9.05,17,17,12,2115.3192004831767,273.02585130015893,0,1930.9647521654715,78.3397662866,1076.5083780047717,960.471056191805,23R/05L,1,0,6,1,2,0,0,2,4,0,0
12-Nov-2024_FIN8AF  ,departure,11.7,17,18,12,2618.2090350906237,605.7115292198049,0,2248.3306041345413,104.571349969,1014.0460966443912,1499.5915884772326,23R/05L,1,0,6,0,3,0,0,0,2,0,0
12-Nov-2024_AFR1069 ,departure,11.716666666666667,17,18,12,3262.71471570668,497.1117190893424,0,3186.108065245755,0,1782.3566431075683,1480.358072599112,23R/05L,1,0,5,1,4,0,0,2,2,0,0
12-Nov-2024_RYR708V ,departure,12.85,17,18,12,2441.869102253968,486.98995685602347,0,2167.2480702354205,116.843538226,1239.3644689767266,1085.6610950512413,,-1,0,4,2,4,0,0,1,2,0,0
12-Nov-2024_SWR31V  ,arrival,8.633333333333333,18,17,12,2842.732849722895,559.0950020367951,0,2584.1976288698347,0,1832.9243157424985,1009.8085339803965,23R/05L,1,0,7,0,0,0,2,0,0,3,2
12-Nov-2024_RUK8HQ  ,arrival,1.9666666666666666,18,17,12,572.9126172090726,330.46965748587684,0,285.45956282693805,112.201789352,0,460.71082785707256,23R/05L,1,0,8,0,0,0,0,0,0,3,4
12-Nov-2024_RYR8XD  ,arrival,1.7333333333333334,18,18,12,358.69766314694726,36.553753797929716,0,149.79152864855078,87.1816780958,0,271.51598505114725,23R/05L,1,0,8,0,0,0,1,0,0,3,5
12-Nov-2024_EJU34GJ ,arrival,3.2333333333333334,18,18,12,1335.6840423036826,362.0603387910949,0,1115.834451631675,83.0918278028,608.7054608738868,643.8867536269959,23R/05L,1,0,7,0,0,3,2,0,0,3,4
20-Nov-2024_EZY86KU ,departure,4.783333333333333,12,13,20,1004.529454599511,132.7426121138737,0,777.5162467037934,0,631.1022418799939,373.4272127195171,23R/05L,1,0,8,1,1,0,0,3,2,0,0
20-Nov-2024_RYR58MV ,departure,8.1,12,13,20,1359.598518669889,252.09453889935543,0,1147.36378167858,0,746.9421803053973,612.6563383644917,23R/05L,1,0,5,3,2,0,0,0,2,0,0
20-Nov-2024_SAS4608 ,departure,5.633333333333334,12,13,20,1550.7135547490973,234.13525284000264,0,1351.3668952643802,0,974.8760264943767,575.8375282547206,23R/05L,1,0,7,2,1,0,0,2,2,0,0
20-Nov-2024_EZY959N ,departure,3.2333333333333334,12,13,20,257.58727429411374,73.29215309350651,0,84.61933854019948,0,0,257.58727429411374,23R/05L,1,0,7,0,1,0,0,1,2,0,0
20-Nov-2024_,departure,58.18333333333333,13,13,20,806.8701024072008,189.18158752786417,0,45.6198245659,67.0385622797,0,739.8315401275007,,-1,0,5,10,14,0,0,4,1,0,0
20-Nov-2024_THY2LD  ,arrival,5.05,13,13,20,1889.382450354138,363.8346666605438,0,1650.4215117541662,106.733294121,0,1782.649156233138,23R/05L,1,0,7,0,0,4,1,0,0,5,1
20-Nov-2024_AUA4KN  ,departure,11.366666666666667,13,13,20,3598.6862845120227,693.0957580504519,0,3391.8687889250646,0,1516.1365852682106,2082.549699243812,23R/05L,1,0,8,3,2,0,0,4,2,0,0
20-Nov-2024_EWG9UH  ,arrival,9.133333333333333,13,13,20,2860.4563083690196,690.5805719290775,0,2481.600236284563,71.3005402027,869.460017757534,1919.6957504087854,23R/05L,1,0,4,0,0,1,1,0,0,3,0
20-Nov-2024_RUK6VR  ,arrival,3.716666666666667,13,13,20,1840.1610232204316,627.3953947689549,0,1395.842650573729,82.4634639933,575.4407558091866,1182.256803417945,23R/05L,1,0,4,0,0,0,0,0,0,2,1
20-Nov-2024_UAE73J  ,departure,29.466666666666665,13,13,20,1908.651408241306,543.898921352485,0,1521.7484064428927,139.479225601,891.6137929142803,877.5583897260256,23R/05L,1,0,7,1,8,0,0,2,2,0,0
20-Nov-2024_RYR3CL  ,arrival,2.683333333333333,13,13,20,1724.4690629905265,212.9902755598022,0,1482.9054345710547,0,923.4468989662427,801.0221640242838,23R/05L,1,0,4,0,0,1,0,0,0,3,0
20-Nov-2024_EIN204  ,arrival,6.666666666666667,13,13,20,2275.506258243115,606.7151704431622,0,1424.0029245730616,88.9090138822,0,2186.5972443609153,23R/05L,1,0,4,0,0,0,1,0,0,2,1
20-Nov-2024_EZY67WB ,arrival,5.433333333333334,13,13,20,2216.2464141813152,605.6744804284667,0,1477.4455825554617,83.0918278028,0,2133.1545863785154,23R/05L,1,0,4,0,0,0,1,0,0,2,1
20-Nov-2024_EZY67MT ,arrival,3.8833333333333333,13,13,20,1750.1081837331876,570.6540247750117,0,1149.9808674801495,104.571349969,0,1645.5368337641876,23R/05L,1,0,3,0,0,0,1,0,0,2,1
20-Nov-2024_RYR77SR ,arrival,4.283333333333333,13,13,20,1523.8998513432764,552.971742653182,0,1308.9291126818293,113.012561341,575.4407558091866,835.4465341930897,,-1,0,3,0,0,0,0,0,0,2,0
20-Nov-2024_EZY63WY ,arrival,5.133333333333334,13,13,20,1749.2134861711875,567.4322541299725,0,1204.5931143845496,103.676652407,0,1645.5368337641876,23R/05L,1,0,5,0,0,0,1,0,0,2,1
20-Nov-2024_EWG9342 ,arrival,8.833333333333334,13,13,20,2802.643440315516,705.3472539881948,0,2393.036737951763,67.0714083598,613.7392044684341,2121.832827487282,23R/05L,1,0,8,0,0,1,1,0,0,2,1
20-Nov-2024_RYR3HY  ,departure,13.416666666666666,13,13,20,922.2198269526973,357.3030887014154,0,467.59154807245835,116.843538226,0,805.3762887266973,,-1,0,5,3,4,0,0,2,2,0,0
20-Nov-2024_RYR52FF ,departure,9.75,13,13,20,1126.9445290763076,401.68055150028493,0,751.6595470378003,87.1816780958,596.2474295666939,443.5154214138138,23R/05L,1,0,5,2,2,0,0,3,1,0,0
20-Nov-2024_RYR6935 ,departure,5.733333333333333,13,13,20,1189.7354268201152,569.4203380307125,0,709.0750727290003,90.631546504,0,1099.1038803161152,23R/05L,1,0,6,0,1,0,0,3,2,0,0
20-Nov-2024_RUK9507 ,arrival,5.133333333333334,13,13,20,1892.1401049149051,577.3751838611868,0,1629.9787496335996,101.443894651,0,1790.6962102639052,23R/05L,1,0,6,0,0,1,1,0,0,4,2
20-Nov-2024_RYR703T ,arrival,1.6666666666666667,13,13,20,991.913754319319,101.47097617859023,0,596.458889791312,0,0,991.913754319319,23R/05L,1,0,3,0,0,1,1,0,0,2,1
