PC1,PC2,PC3,PC4,PC5,PC6,PC7,PC8,PC9,PC10,PC11,PC12,taxi_time
-1.948011563,-1.428006501,-2.289556719,2.161961128,0.456906996,-0.60988946,0.724707349,-0.684166345,0.575833614,0.657743914,-0.192387204,-0.75448704,3.133333333
1.141773219,0.344279802,-1.979750835,2.113108484,-0.412735797,-1.077700817,0.996385127,-0.697767869,1.758573566,0.565868994,-0.044571171,0.555935047,20.33333333
0.839432165,-1.280799606,-1.076039524,1.862409536,0.213076111,-0.981522278,-0.810543939,-0.944999653,0.69517943,-0.301501272,-0.239274572,0.368567483,18.5
2.041009695,0.440952947,-1.122095001,1.391131021,-1.027834995,-1.69861999,0.876311309,2.961134516,0.464947896,-0.571702216,2.377317094,0.134929285,16.88333333
2.506194801,1.594604534,-2.341513301,0.996511931,-0.518581503,-1.315604691,0.40015922,-1.333788509,1.844687911,0.311440104,-0.089209755,0.374340377,24.41666667
3.412433474,1.009131577,-1.675310053,0.370158843,-0.506881924,-1.842641523,-0.653841883,-1.238881542,1.192896528,-0.519163991,-0.552363806,0.115607089,17.55
3.13900136,1.378370413,-1.826525453,1.10756767,-0.551685727,-1.522407653,0.189540872,-1.475747233,1.204350568,0.10614601,-0.125122651,0.280886714,18.18333333
2.09428327,0.430987532,-0.648474984,2.109517586,-1.104503443,-1.601957505,1.322601537,3.258502382,-0.191946177,-0.099271386,1.701528934,0.169562529,16.61666667
11.50879936,5.069271551,-2.506170745,6.986050466,6.413371162,11.25398977,-2.870421424,0.853928937,1.100270816,1.326081547,-0.062394728,0.201046262,17394.58333
3.349647575,0.025176545,-0.702026571,2.881982176,-0.463816501,-1.192198793,1.724705562,0.956864026,1.607412429,-0.733831297,1.62853331,-0.747951363,41.43333333
-0.895717439,0.225503381,-1.171429078,2.70566188,-0.538781301,-0.92331475,0.301997479,-0.284087751,1.09695394,0.034545631,-0.718343699,0.10001108,4.466666667
3.536772229,0.670701292,-1.200275228,0.711620632,-0.219801141,-1.502206555,-0.917416646,-2.11399601,0.512195606,-0.763211396,0.312763915,0.184893205,17.45
3.600668231,1.097074354,-1.623934267,0.092061706,-0.362079403,-1.679860117,-1.251284761,-1.755626275,1.157043572,-0.995572053,0.136353415,-0.093502849,15.68333333
-1.303587634,0.178537745,-1.982089971,1.251189572,-0.551827012,-0.819680439,-0.942913248,1.868961199,0.886047508,0.346481888,-1.008958058,0.590752877,3.283333333
-1.164145127,0.088688132,-1.34831981,2.074503789,-0.251442502,-0.959478767,-0.55040666,-0.951579152,1.251057465,-0.675091079,-0.00662101,0.055342541,4.85
0.956509533,-1.335000104,-0.805210857,2.204704521,0.085431092,-1.06179842,-0.235733366,-1.40577386,0.35562166,-0.220496932,0.208335898,0.607849826,13.15
-0.622207234,1.070696409,-1.733349844,1.238812324,-0.563714549,-1.024692129,-0.52554633,-0.140239803,0.386570438,-0.20782993,0.976395506,0.878342383,5.7
2.140234936,-0.018090091,-0.94407024,1.915166849,-0.375237164,-1.340682073,0.232446723,-0.903129377,0.550216757,0.1118814,-0.59128344,0.368960454,9.85
2.517020209,-0.521708834,-0.237533542,2.594431556,-0.633159548,-1.604433209,1.322951537,0.725149537,1.255196342,-1.08076397,1.579785295,-0.840875163,14.33333333
3.052692312,1.700133815,-2.112919061,-0.447907648,-0.573811834,-1.420834648,-1.050423697,0.521616332,-0.186634569,0.476893996,0.406358179,1.263116743,15.31666667
1.506238669,-0.923542586,-1.126477,1.69209216,0.009695742,-1.192784564,-0.335037002,-0.57870084,0.878515541,0.022878141,-0.695771727,0.442735322,13.55
-1.090081273,0.595894386,-1.688181812,1.288010463,-0.440851814,-0.869685025,-0.976760363,0.114649395,0.367199961,-0.453135506,0.865856054,0.766669155,3.8
2.343656559,0.483309689,-1.301868698,0.842805606,-0.438638217,-1.201310675,-0.119071918,0.382393859,-1.118804831,0.968453627,0.467506698,1.830869996,16.01666667
-0.153309578,1.673835048,-1.77192936,1.017995938,-0.750543134,-1.032602573,-0.520517939,-0.033874737,0.30153603,-0.135091789,0.444551653,0.806984542,5.183333333
1.718100673,-0.268734267,-1.528287431,1.68460871,-0.356646491,-1.331939411,0.889916062,-0.954219041,1.38649327,0.559729604,-0.204687242,0.812169388,11.1
-0.682396078,0.931336576,-1.858900378,1.780096157,-0.571442989,-0.946358112,0.948443487,0.485646959,0.549881155,1.244149669,0.038639189,1.475658725,5.516666667
-1.039226646,-0.889117271,-2.082789969,2.229390064,-0.130855512,-0.913270254,0.972958913,-0.177969163,2.256969216,0.977646306,-0.354939428,0.807102211,3.266666667
1.318629704,0.989157733,-3.595059485,-1.785575613,0.07341273,-1.184042796,-1.294791262,0.209000804,1.16567824,0.185505191,0.576392064,-0.790144446,9
0.771262967,-0.63455466,-2.609934163,-0.630289178,0.398205202,-0.934264117,-1.181276477,0.949943318,0.178144703,0.427887253,-0.217928678,-0.58415352,12.16666667
-0.079114337,0.8672787,-2.021808246,1.032951186,0.135648513,-0.978075953,0.585499122,-1.314991169,0.600830629,0.334889488,-0.198802366,-1.153429746,11.05
-0.434141299,-1.021783779,-2.413965954,0.671257144,0.264821919,-0.623349471,-0.128790398,1.821111955,0.209917947,1.061239564,-0.550368278,-0.521659057,12.35
1.419967961,1.227858105,-3.655430613,-1.499315391,0.079269525,-0.955814223,-0.914362012,0.524192773,1.246276758,0.50688359,0.268887073,-0.734283952,16.25
-1.308347392,-0.948795095,-2.206551587,1.857282062,0.195144988,-0.58263111,1.153647301,-0.392472551,1.01991847,1.036366307,-0.305003379,-0.848507378,3.85
-3.02637101,-2.382956279,-2.057105568,2.055839915,0.586747615,-0.238828209,0.231119448,-0.632916729,0.885791064,0.287850108,0.304795345,-0.822434894,1.4
2.201357746,1.106802233,-2.696069225,-0.388380906,-0.043841484,-0.988739391,0.446286501,-0.857960096,-0.259489434,1.068530536,1.051582798,-0.028289544,18.76666667
-1.269625496,0.40113003,-2.072758374,1.01135952,-0.145433062,-0.520781614,0.244519027,-0.344890041,-0.714548616,0.512058953,0.86678623,-0.286578831,3.733333333
1.633198163,0.432431174,-1.867403522,0.334591701,-0.084583868,-0.997138926,0.308197477,-0.26737428,-1.117467342,0.911188941,0.215398526,-0.195168354,22.48333333
0.812767004,-1.248525147,-1.425357767,0.443792643,0.523564614,-0.803552271,-0.573505134,-1.055174853,-1.708479582,0.239915322,1.11314715,0.094001124,21.51666667
-3.330245566,-1.540132836,-2.088146031,1.173229008,0.379076447,-0.197487509,-1.049229821,1.43456858,-0.058013476,-0.126324844,0.096357422,-0.716201015,0.533333333
-1.324280282,0.305955699,-2.335780006,0.733680848,-0.042482882,-0.581940528,-0.047833126,0.330447569,-0.097734324,0.369710042,0.683899377,-0.509455336,3.6
2.615713267,1.003343026,-2.155723306,-0.758121494,-0.003205524,-1.210464544,-0.647906318,-1.156877036,-1.024380928,0.233660714,0.845827683,-0.368149292,26.71666667
1.57280496,0.139721982,-1.884683108,0.261103909,0.090013486,-0.918732425,0.046308345,-0.597935471,-1.134668899,0.685172686,0.682077407,-0.137118227,22.96666667
1.038528968,-0.496743354,-2.31322602,-0.447443568,0.24296048,-1.065351665,-1.090540616,0.970800707,-0.126239278,0.285247687,-0.23465544,-0.703024285,13.91666667
9.761329563,2.593824207,-3.473163456,6.500591386,8.583195342,12.62946528,-1.348699551,1.003436505,-0.274619208,-0.748309883,-0.407711203,0.285441561,30382.48333
-1.139201483,0.858714946,-1.787724861,1.316952319,-0.337701075,-0.508054768,0.429560329,0.303844738,-1.104150691,0.901047067,-0.331487331,-0.438509685,8.5
-0.153427591,1.703597372,-2.083747381,0.506037571,-0.395781234,-0.757815108,0.097843351,-0.366404491,-0.739838312,0.262626175,0.523829865,-0.590289346,6.866666667
1.937694591,-0.369309109,-1.381887372,0.006016552,0.206380118,-0.982472423,-0.376850908,-0.438461473,-1.485000152,0.422151454,0.328892233,-0.172559426,16.21666667
-1.930873442,0.243329409,-1.711114544,1.128942349,0.025467377,-0.391726997,-0.493797333,-0.111727635,-1.000700133,-0.207274719,0.690304665,-0.575128111,3.983333333
2.497296031,0.107254083,-1.191207646,0.845906967,-0.104120374,-0.876169184,1.117671677,0.552635969,-1.57140689,1.581016711,-0.856643011,0.059624498,17.93333333
-2.326897335,-0.430362255,-1.365843595,1.389614786,0.306945427,-0.263576516,-0.492306667,-1.088120134,0.354115003,-0.836839409,0.07098916,-1.417636022,3.983333333
-1.951376285,0.017639402,-1.353252425,2.112331841,-0.017482916,-0.399008746,0.221027163,-0.531539277,-0.039463441,-0.224838227,-0.84962348,-1.382652476,4.4
0.564453803,-2.010605408,-0.659119019,1.178218945,0.473378003,-0.695699677,-0.270816868,0.409968624,-2.037520161,0.514956203,-0.175097148,-0.068956682,13.81666667
-1.290884327,1.069212624,-1.742725412,0.785266677,-0.204044321,-0.415638292,-0.001033414,-0.264727685,-0.9127524,0.111417335,0.408067443,-0.453644011,3.866666667
-0.076104511,-2.358351852,-1.016285739,0.631390789,0.826711522,-0.393832743,-0.668654917,-0.512206791,-1.60418573,0.180525281,0.937799293,0.19801821,19.48333333
-0.040809048,-2.487671255,-0.682619834,1.147498553,0.659766504,-0.468823039,-0.154026387,0.070190979,-1.882150986,0.61014039,0.265470437,0.208636386,15.66666667
2.126001552,-0.136939842,-1.755981382,-0.873318968,0.241143863,-0.944618122,-1.214723673,0.937697521,-0.566363757,0.208119242,-0.836415637,-0.709335785,20.35
-1.247236598,1.211710376,-1.468867828,0.946873986,-0.057918423,-0.498766534,0.382865881,-0.328704538,-0.840986246,0.217933637,0.7602903,-0.422968924,6.85
5.438915704,0.860000158,0.955960958,3.172187038,1.438111663,2.969083351,0.063426973,1.946346003,1.287481527,-1.306511581,0.79592903,-1.177224998,4740.366667
0.973071441,-1.124391589,-1.585699849,0.790080777,0.461496797,-0.723132602,0.532225112,-1.450316676,0.264959933,0.619975426,0.008571478,-0.645774286,12.91666667
-1.303154724,-3.18309299,-1.334277543,1.608057878,0.921574843,-0.382172763,0.092605326,-0.701430449,0.281024685,0.526421842,-0.053060949,-0.60817965,7.016666667
-1.827101951,-3.705453663,-1.293514198,1.6285108,0.955555703,-0.472111844,0.142988313,-0.893114657,0.302875242,0.465858201,0.256478661,-0.442925485,1.85
2.310372764,-1.077823518,1.706200033,0.301966861,-0.217256305,-0.39228239,0.122300408,-1.232681397,0.025785372,-0.453293041,-0.95588657,0.665111529,13.46666667
1.11834113,-0.804304221,1.230479357,0.68846912,-0.380875101,-0.180227578,0.577428532,-0.217589247,0.78241715,0.069106808,-1.566315718,0.470893677,7.416666667
-0.624835756,1.075433374,0.232277061,-0.0913996,-0.645791277,0.282542175,-0.292631322,-1.099164407,1.745314414,-1.001498121,-0.604454622,0.06477028,5.616666667
-1.398157979,1.181201689,0.746284104,0.702287659,-0.863015305,0.547309363,0.661220491,0.253965109,-0.084381512,0.125656791,-0.360803016,1.212370677,5.266666667
-1.397913536,1.541915586,1.049534311,0.87467066,-0.930380331,0.552804864,0.509734858,0.335590101,-0.37521231,-0.202493536,-0.503171754,1.010047613,3.066666667
-2.368204319,0.978305825,0.896641283,0.489806345,-0.665371304,0.67868038,-0.742332467,-0.205052542,-0.215963977,-1.160634029,0.423712789,0.765449927,3.116666667
3.218364209,-0.142376346,2.118182638,0.28003121,-0.905561189,-0.514517619,1.305591744,3.25612617,-0.77820608,-0.305008061,0.655997586,0.456875443,18.38333333
2.60026386,-0.863723913,1.841068699,-0.27642735,-0.737980114,-0.736363435,0.901291824,1.918479911,-0.550842834,-0.813259985,2.279831419,0.748641841,9.75
2.980299123,-0.985135698,1.789934502,-0.085541231,-0.11936004,-0.477376944,-0.359286394,-1.83842509,-0.289220105,-0.729436455,-0.689094462,0.658241537,16.61666667
-0.20632957,2.562264887,0.527399986,-0.537585849,-1.035351439,0.171702235,-0.817229128,-0.140454212,0.037853833,-0.952596775,-0.199334617,0.417835382,9.433333333
1.917505877,-1.337350859,1.385185082,0.107966526,-0.003555027,-0.238165074,-0.416920382,-1.135642972,0.439715169,-0.674294947,-0.670601118,0.506484472,11.38333333
-1.111737244,2.268538796,0.965759861,0.207630163,-1.084412342,0.331686078,-0.728634696,1.588497021,-0.039069404,-0.765506181,-1.832861162,0.111254047,4.483333333
-1.364212368,2.252065954,1.186471716,0.44015157,-0.943622366,0.428894073,-0.4010101,-0.129559826,-0.510778633,-1.214374713,-0.069241274,0.580846821,4.266666667
3.569655062,-0.163845861,1.580328082,-0.369011802,-0.430427073,-0.510725943,0.304275186,-1.146873491,0.362470079,-0.389435295,-1.19459738,0.581884713,12.15
-1.576106522,1.733577275,1.550848303,0.883275931,-0.544608266,0.402012877,0.347875089,0.224122284,-0.589203746,-0.408274029,-0.435174093,0.925829448,15.83333333
3.400634812,-1.127676671,2.759255036,1.032716794,-0.782485407,-0.762260669,2.07464089,1.298873056,0.637018747,-0.924150324,-0.186987175,-0.433234895,11.21666667
-0.239480347,2.931395396,0.529184261,-0.717079877,-0.984570592,0.221646298,-0.311441946,-0.061271367,0.369258481,-0.782516252,-0.303520217,0.632907829,8.433333333
-0.807948878,2.518555849,0.490636878,-1.009264508,-0.701056633,0.26852311,-1.252075932,0.809446913,0.700309766,-1.275454075,-0.90238554,0.261268424,7.333333333
-3.694378756,0.020146766,1.082129424,0.575774907,-0.398027416,1.032348302,-1.31284253,1.406643227,0.236317142,-1.451786146,-0.729788878,0.504409332,1.9
2.752025498,-0.232253929,1.640576271,-0.143238398,-0.385641747,-0.244326941,0.489480446,-1.132138942,0.337055823,-0.066925294,-1.380290173,0.661325429,16.96666667
0.931617702,-1.033376686,0.804390857,-1.66979972,-0.066214744,0.0184648,-1.468826746,1.713752046,-0.186450778,-0.054754929,-0.792288441,1.460911035,10.28333333
-1.291590665,0.965268879,1.427691296,1.661066267,-0.816134237,0.674038705,1.739172531,-1.554346174,0.666351317,-0.082207485,-0.286658586,0.699075427,4.566666667
-1.994246862,0.443412091,0.592799555,-0.07166882,-0.452580767,0.694579722,-0.233663897,0.035004485,0.583056307,-0.462963738,0.481791313,1.090991782,3.5
2.155616988,-0.599861494,2.011798067,-0.001751194,-0.873357034,-0.359128322,1.453301069,3.045758262,-0.225552786,-0.292451786,1.197296261,0.61910191,13.43333333
-0.09314157,2.323952718,0.950033035,0.151438623,-1.241925539,0.403816221,0.907437642,0.477547148,-0.101415573,0.436604993,-1.119639018,0.963785937,7.333333333
0.00576443,-2.516299896,1.425991874,0.713880808,0.256853258,0.328191894,0.490802684,-0.718390714,0.910681051,0.125891576,-0.683671723,1.067296026,9.45
-0.34771597,-2.923976376,1.343282328,0.519308482,0.46186283,0.393467005,0.012757805,-0.647420454,0.986718223,0.021346239,-0.797985091,1.050824169,9.183333333
-0.468308831,2.556462891,0.347534342,-1.215436975,-0.911947824,0.321923339,-1.080586538,0.841335003,0.921491569,-0.950432629,-0.906800495,0.23790087,6.183333333
-1.811103789,0.772384759,1.164288732,0.67335355,-0.406295867,0.602515911,-0.024756276,-1.215969089,1.212608949,-1.228977054,-0.327643876,0.138715918,3.283333333
-3.303204074,0.218850716,1.080377711,0.324619454,-0.233998336,0.873213023,-1.068994194,1.486139855,0.503311089,-1.067022312,-0.784934566,0.540297659,2.933333333
-2.57901102,-0.99223312,0.313617189,-0.684520091,0.270116124,1.403401286,0.730792913,-1.182861462,1.547043869,-0.150446107,0.15335342,-0.811865258,3.516666667
-1.017390322,-1.960012146,0.744170108,-1.080918806,0.389093057,0.998811633,0.998140547,0.397259822,-0.148385744,1.086900734,0.102282695,0.366935579,11.08333333
2.510920397,1.193298928,-0.035898238,-3.130775826,-0.127421675,0.572387575,1.013074349,-0.996604372,0.425961467,0.911842656,0.666169713,0.191234579,24.2
-1.600904132,0.670542081,0.581385896,-0.672586643,-0.440385999,1.321074596,1.629267194,0.155622816,-0.203009275,1.023665989,-0.160321652,-0.010229541,5.266666667
-0.843739833,1.664289189,0.386358246,-1.455622037,-0.467909434,1.056939521,1.114421455,-0.073476995,0.056259381,0.51685079,-0.058959356,-0.29999463,4.566666667
-1.94699582,0.734854257,0.631117128,-1.597978586,0.359053168,1.068274959,0.332670918,-0.067852272,0.37048503,-0.116165417,0.657640299,-0.3661514,27.48333333
-0.891390383,1.286945724,0.267431662,-1.756996395,-0.451569936,1.108657765,0.592610951,-0.266201081,0.148326782,0.065937627,0.309196225,-0.38514107,4.716666667
1.003083848,-0.713133984,0.404720218,-2.699469392,0.113982236,0.407841944,-0.070686553,1.007551206,0.347192415,0.526908778,-0.915342591,-0.27600604,5.433333333
-1.580589898,1.236872685,0.753293225,-0.940871703,-0.415843211,1.244202943,1.069614059,-0.487494068,-0.357086029,0.10065421,0.55541189,-0.23469507,4.233333333
2.298323472,0.33735067,0.049292389,-3.521152578,0.054527923,0.240395101,-0.064138463,-0.738704203,0.305908824,0.293288008,0.42124451,-0.02042559,11.03333333
-0.704682508,1.967491232,0.680332636,-1.042479013,-0.660407147,1.153414342,2.053024606,0.276844254,-0.160661916,1.299608056,-0.793208494,-0.088196927,5.833333333
-1.114363441,1.014683754,0.418084196,-1.713288191,-0.30228486,1.323220998,1.282655716,-0.353604951,0.396418313,0.497927476,0.580144115,-0.026090002,4.05
-0.423229801,1.766649819,0.134396128,-2.377715483,-0.396361626,1.085025558,0.98661247,-0.068238033,0.768996017,0.453126472,0.099760371,-0.28161502,6.683333333
-1.425321764,0.892345656,0.644538005,-1.497467408,-0.351981797,1.371711302,1.144323949,-0.021406699,0.253081102,0.270026849,0.309752577,-0.17370691,3.366666667
-0.864547285,1.564138214,0.728593835,-1.688506402,-0.422261621,1.233519749,1.120060862,-0.058771267,0.032602272,0.374328221,-0.143554162,-0.264989262,5.316666667
-2.321498339,2.437173769,2.616676513,-0.814177841,4.134862114,-1.342208178,-0.060107036,1.845054148,0.22364515,0.821773933,-1.053587113,-0.930264745,2696
-2.166736084,0.220206437,0.754644649,-1.517121054,-0.011978719,1.537808615,0.500747051,-0.671641683,-0.015940862,-0.21441685,0.985077963,-0.087211567,3.266666667
-2.399768593,0.431927244,0.978880859,-1.272200066,-0.14386567,1.612754181,0.438720246,-0.16893904,-0.199066806,-0.285314769,0.352785264,-0.282424617,5.433333333
-1.017963475,-2.716038501,1.320554885,-1.367699318,0.578117806,1.113547008,0.732365704,0.426749198,-0.37115385,0.781575183,-0.001913523,0.494854408,6.6
-4.001884678,2.225253658,4.694992038,0.356913262,7.584207024,-2.675383061,0.276466885,-0.110132044,1.127142075,0.738279628,-0.230959577,-1.311171703,5734.7
-1.784708399,-4.121480937,1.746497231,-0.606281954,1.001712065,1.128502154,0.518565935,-0.972378424,0.3959354,0.051506974,-0.271914587,-0.204469631,2.65
-2.663459571,0.464560186,0.541296521,-2.092680368,0.123873441,1.487197713,-0.669547734,0.622595549,0.632319374,-0.79362205,-0.064673973,-0.759303288,3.216666667
-1.269812741,0.439138131,0.46064671,0.983022356,-0.490373986,0.233155553,0.074950879,-1.215918024,1.411368592,-0.510420809,-0.135857901,0.238670111,4.1
-1.157781049,1.556703904,0.674810232,0.834314966,-1.082582771,0.328789486,0.229008964,0.529725203,-0.10681048,0.065064886,-0.583367005,0.840801954,3.316666667
-1.037230013,2.043277561,0.570021254,0.122069116,-0.902448249,0.224999928,-0.778059812,-0.113539474,0.023987165,-0.934406354,0.168918075,0.546466031,5.5
2.919757071,-1.547463367,2.598968857,1.452878408,-0.709219424,-0.957433815,1.544859818,0.992547688,0.366017121,-0.847135283,0.122400292,-0.49555182,13.65
-1.061862737,1.826789898,0.283370782,0.012384266,-0.97540907,0.299961243,-0.686050281,-0.560700934,0.252330639,-0.933225297,0.861196556,0.693260898,5.15
3.043001521,-0.51842809,2.01805088,-0.02485278,-0.901559871,-0.776001087,0.778232349,1.978630657,-0.751861142,-0.785431294,2.233751729,0.525517981,13.56666667
1.116983309,-1.949331297,1.11812984,0.127905812,0.120936631,-0.414209266,-0.952165309,-1.364892201,0.518706504,-0.499773768,-0.459694708,0.563818359,10.31666667
-0.93901368,2.185379827,0.361312359,0.246414674,-1.174498496,0.265392501,-0.368136072,0.096637852,0.151842451,-0.389706703,-0.138866218,0.58934304,5.15
-0.957346496,2.521373042,1.253122099,0.86318546,-1.180723109,0.351563275,0.172607636,0.203643528,-0.785561772,-0.120565361,-0.972745952,0.701689565,5.966666667
3.89776767,-0.881499957,2.872531985,1.515168195,-1.081191008,-1.075859168,2.204979803,1.139595341,0.358719265,-0.791830962,0.147399297,-0.60474704,9.633333333
-0.386793458,3.051461827,1.232720841,0.602870515,-1.367424459,0.341801197,0.449408254,0.57063839,-0.506710135,0.061872707,-1.345904267,0.606030856,5.733333333
1.428199817,-2.05032544,1.374056528,-0.343623772,0.109870674,-0.356307553,-0.800678082,-1.322245093,0.690019857,-0.595124169,-0.537959078,0.712596994,9.55
-0.712745864,3.100653321,1.289205482,0.620952319,-1.277135163,0.382951465,0.380319082,0.388126777,-0.594158932,-0.021077796,-1.294012173,0.66511591,6.383333333
2.243191174,-1.296921397,1.611269332,0.207311442,-0.238042903,-0.413765231,0.173822757,-1.122831727,0.387806257,-0.028747113,-0.880018814,0.737274237,11.36666667
-1.512874217,1.7271611,0.786217867,0.235754172,-0.831410163,0.501404821,-0.307728243,-0.657119016,0.045897561,-0.744230108,0.859959352,0.862123817,5.416666667
-0.919223847,1.681714905,0.508418768,-0.004261884,-0.943055026,0.435465117,-0.043821426,-0.536234037,0.280789456,-0.344796794,0.67968415,0.972200209,5.3
2.429412168,-0.755864327,1.649034925,0.326801743,-0.478376986,-0.501442539,0.436742909,-1.08009167,0.34699497,-0.005436573,-0.920560418,0.595068794,8.65
2.758735594,-1.327879451,2.446992015,1.182122084,-0.751359401,-0.679894902,1.530276593,1.725442391,1.14991189,-0.926428999,0.003621141,-0.796098807,14.6
2.634169828,-1.317162995,2.645139519,1.209133242,-0.882035088,-0.878537639,1.472226464,1.350522704,0.806451875,-1.020100363,0.15442094,-0.833166282,8.95
3.655776569,-0.652423247,2.808225002,1.425026129,-1.125985684,-0.966585577,2.173522013,1.08223219,0.52630994,-0.725718041,0.254357686,-0.725686991,10.26666667
-1.416416492,1.639214964,1.385990466,0.711362806,-0.833820511,0.505745034,-0.309884389,-1.412189476,-0.91080006,-0.947258093,1.268540301,0.912361506,8.3
1.431749723,-2.165112472,1.096531489,-0.360344546,0.425166086,-0.000545412,-1.205573771,-1.197403261,0.975287312,-0.654805282,-0.350205722,0.616294541,12.31666667
3.759058626,-1.096511105,2.60982394,0.82095659,-0.802114539,-0.919857142,1.252322994,0.849174443,0.809976636,-1.387745811,0.78755585,-0.820778373,9.45
0.397044399,-3.259706721,1.870455519,0.978942626,0.510336191,0.213011353,-0.460126443,-0.987745911,0.071794861,-0.080506408,-0.708986236,0.971684908,10.1
-1.286541761,2.629637402,1.465931804,0.962321391,-1.195548588,0.492509324,0.086098403,0.248961146,-0.795217764,-0.261403339,-0.868994846,0.560618458,4.866666667
-0.64612437,-4.288725086,2.06873126,0.885476696,0.591273905,-0.005510239,-1.057343575,-0.833385392,0.06793113,-0.59305604,-0.580385265,0.867978867,3.45
-2.747578895,1.107650468,1.074216073,0.224209377,-0.649794024,0.726972621,-1.937994455,0.910601629,0.085433667,-1.692703924,-0.43459118,0.04903442,3.2
-1.157269117,-4.221717389,1.702418718,0.879272771,0.617889626,0.112208732,-1.02238171,-0.736657677,0.513446095,-0.464769457,-0.405809851,0.827462117,1.5
-0.628441909,-3.782350368,1.918727358,1.445123127,0.422563311,0.129265547,0.20074101,-1.840742695,-0.011477839,0.038602911,0.450320054,1.3488656,1.666666667
-1.474613292,-3.567910377,0.854174943,0.500433334,0.737059263,0.447584919,0.500024956,-1.229772113,0.086703586,0.47316359,0.098928249,-0.393292996,1.85
-1.548699552,1.414370457,0.586295176,0.201503127,-0.604998358,0.83611721,0.818898296,0.469434762,-0.886229146,0.357636081,-0.49207268,-0.5998306,4.933333333
2.931328112,-0.78974104,2.019369828,0.441314983,-0.156200202,0.095624811,0.206984573,-1.320664692,0.014539584,-0.09256386,-0.866141139,0.701453115,51.43333333
-1.314570155,0.97584164,0.029160877,-0.549277982,-0.386307659,0.73259123,0.313144427,-0.732894454,-0.47979921,0.073219583,1.007352005,-0.423157452,5.083333333
2.283301134,-0.995866093,1.114922013,-0.692600905,0.058443492,-0.246390952,0.397673748,-1.12406159,-0.465163074,0.37605448,-1.35778745,-0.889487832,12.58333333
-2.266990831,0.794098946,0.212515467,-0.551242856,-0.267997112,0.95348562,-0.545157158,-0.483707201,-0.634402466,-0.595562563,0.713137399,-0.697986329,4.1
2.00746548,-1.313531162,1.32955058,-0.321473578,0.117595552,-0.168349479,0.407941301,-1.325375319,-0.708212803,0.215294223,-0.917075886,-0.890483852,8.983333333
-1.905594718,1.268168571,0.821363768,0.330407392,-0.551929438,0.984208508,0.554319606,-1.349936981,-1.653894417,-0.153359981,1.0369943,-0.335924868,4.533333333
2.881974892,-1.59055333,2.412579192,0.677391983,-0.424458438,-0.616849093,1.952408115,1.129529677,-0.300487622,-0.599589079,0.160228644,-2.218606701,11.06666667
-2.830003491,3.530150719,2.791013575,-0.666747888,4.739982104,-2.149445304,-2.069816328,0.752953447,-0.424217446,-0.468782739,0.023679065,-1.69634208,4313.483333
3.428218504,-1.299869064,2.529228691,0.815850237,-0.52865844,-0.65970733,2.336498738,0.906978043,-0.513163539,-0.415382853,0.256122121,-2.118491136,11.53333333
-2.368255189,1.302079576,0.681226389,-0.603635828,-0.192422384,0.920123148,-0.977292034,-0.29028811,-0.897675027,-0.993687848,0.366197447,-1.049330967,10.06666667
3.839415209,-1.370998978,3.295633623,1.21012231,-0.897546282,-0.878950272,1.704515075,1.198960018,0.270775288,-0.834692687,-0.002071089,-0.661966161,14.11666667
-0.594321317,2.707379248,0.890990777,-0.473515984,-1.231942484,0.604294711,-0.289396947,-0.828278255,0.143079107,-0.695102067,0.551221809,0.735858673,5.333333333
-0.240064027,3.147184122,1.004390893,-0.687542557,-1.212972841,0.396155332,-0.621079358,-0.127357749,0.165715374,-0.739288919,-0.34600166,0.388044134,8.9
-3.875705309,10.34372681,8.201434783,-0.098195215,18.94097894,-10.32943709,0.376956846,0.516426481,1.165496127,0.88579591,1.018981218,1.584231219,27423.25
-0.378791326,3.360375141,1.181294025,-0.301388485,-1.369577487,0.550467479,-0.095835483,-0.485339586,-0.261661654,-0.430069448,-0.411971738,0.645287264,8.25
1.919045838,-0.905623335,1.645758003,-1.171594317,-0.375808251,-0.158090676,-0.76438693,0.280810225,-1.138436087,0.177639215,0.393589814,1.820081259,13
-0.209133219,-3.616564783,1.988048457,0.085955778,0.558847496,0.208098705,-1.288201572,-1.273623772,0.510750019,-0.844623597,-0.166936242,0.804822354,8.15
-0.636617195,3.119520493,1.226985599,-0.586527401,-0.941466538,0.3895815,-0.864321221,-0.198759073,0.021719443,-1.001223902,-0.244930026,0.351688115,7.35
-3.560532361,-0.159767097,1.252532985,0.481417185,-0.600491032,1.169841965,-1.458198389,1.386385734,0.377381228,-1.06612856,-0.600105835,0.384822068,1.65
-0.750148816,-3.875298329,2.074476611,0.922147873,0.467476781,0.358270317,-0.251407358,-1.100997422,0.47932074,-0.161631732,-0.111764733,1.104049482,4.8
-1.929797816,1.902389684,1.407907714,0.245189267,-0.612115109,0.633868902,-0.401687838,-0.060670254,0.023494406,-0.714931802,0.174258859,0.703791865,2.933333333
-3.69668067,-0.289927926,1.083155092,0.37441338,-0.348348669,1.109825193,-1.341933392,1.464516594,0.677449423,-0.820405469,-0.570791472,0.527031496,0.916666667
-2.157686221,-0.186355331,0.564600768,-0.043219256,-0.072012771,1.075233865,0.219952218,-1.852248848,0.596004692,-0.466081259,0.40558262,-1.145419069,3.816666667
2.120946012,0.252663587,-0.403559773,-4.032777444,0.130031236,-0.20911192,-2.249148318,-0.721406776,0.482665741,-0.810157963,0.751142294,-0.862292917,8.55
0.101907418,3.230263419,0.738991174,-0.966830362,-0.931835567,0.612581802,0.476019441,-0.486814855,-1.046461193,0.208292584,-0.43221073,-0.874136229,6.9
-0.253196221,-2.455329277,1.409111661,-0.451973668,0.397832503,0.551217226,0.042573951,0.049924706,-1.491007078,0.767791289,-0.009993656,0.140084418,9.583333333
3.283478316,0.759949228,0.143625183,-3.274900604,0.018971809,0.101334242,-0.769742668,-0.899483387,-0.2345879,0.256181361,0.296444988,-0.329138139,20.48333333
0.439889968,-2.140270248,1.148432588,-1.513924525,0.504396388,0.483020865,-0.708387153,-0.358806436,-1.094488107,0.286043208,0.371136081,-0.010169253,13.06666667
0.122571169,-2.610873848,1.472636401,-0.607651146,0.444099763,0.447546591,-0.180631247,0.232964203,-1.540161258,0.77784197,-0.245341303,0.079049829,8.3
-1.644113644,1.697938741,0.969331141,-0.183927256,-0.724938177,1.068207504,0.242541581,-0.64104501,-1.221891762,-0.205413687,0.414718106,-0.725069895,3.466666667
1.776637885,-1.649430509,1.510685451,-1.910721152,0.407493807,0.208125187,-1.104713888,-0.560811662,-1.70019079,0.088678152,-0.078351613,-0.169054598,12.83333333
0.689850532,-2.478874835,1.566907692,-1.271058952,0.543736885,0.423359205,-0.819329029,-0.312614821,-1.603552633,0.254371747,0.178090749,-0.035071349,9.916666667
0.442660656,-2.696318551,1.538596851,-1.145351279,0.682776878,0.576065825,-0.973003379,-0.386753221,-1.585440178,0.160652881,0.439535843,-0.048638304,14.5
-1.274360501,2.045090225,1.343093604,-0.021336006,-0.764357172,1.085482474,1.18356005,-0.156648483,-1.252778162,0.674222726,-0.386783777,-0.550824939,5.416666667
0.469016885,-2.314779128,1.665975653,-0.731021414,0.370684809,0.652839374,0.256773673,0.285899108,-1.391124254,0.945474223,-0.254764134,0.152464261,15.65
-1.110022637,2.128387535,0.741106197,-0.996277405,-0.621858165,0.989507972,0.485393791,-0.141200162,-0.443536998,0.233725455,-0.131037877,-0.68753754,5.666666667
-0.278914087,-2.733543307,1.401316866,-0.694838393,0.502057655,0.7611676,0.461229119,-0.027057264,-1.097131293,1.119695776,0.237095547,0.439123697,12.6
-1.907754503,0.754499112,0.301131974,-1.13683024,-0.376976642,1.246698651,0.076146413,-0.171750964,0.15553254,-0.005082396,0.712169853,-0.542251482,4.483333333
-3.770990362,-0.610435055,0.638474248,-0.514219145,0.091871831,1.508426407,-0.544032025,1.361477181,0.247407291,-0.121019647,-0.381098363,-0.781903224,1.166666667
0.877644102,-0.736763766,0.568844914,-1.778646565,-0.024472383,0.366988072,0.746514106,-0.330883943,-0.238910202,1.219955382,0.33801215,0.217502646,9.883333333
-1.030878453,-2.701136378,1.077526925,-0.724737788,0.451869514,0.77269249,0.642064058,-0.066408654,-0.703573875,1.274774395,0.427702301,0.497583687,9.766666667
-0.827715083,2.029689199,0.78378374,-0.304725796,-0.792486395,1.040490422,1.843163746,0.094036012,-0.541701632,1.348256147,-0.442333198,-0.250590877,4.95
-2.283959229,0.156982642,1.655078508,0.218166485,-0.106965522,1.352717206,0.793423827,-1.076999221,0.239393905,0.145135811,-0.81809482,-1.228819421,8.216666667
-0.196354362,-2.535319601,1.038541038,-2.636091343,0.60919515,0.597534183,-1.62350147,0.512208888,-0.047608498,0.019389894,-0.099753449,-0.378468628,4
2.317905295,0.405824891,0.201511759,-3.963156364,0.015816884,0.275946557,-1.387471126,-0.082661535,0.607237744,0.037529477,-0.068032341,-0.707293376,9.666666667
1.406603637,-0.793721865,0.831193674,-2.95658063,0.134089541,0.411384688,-0.949101061,0.729873988,0.050317529,0.550703554,-0.915415831,-0.502531461,8.25
-2.0590185,-3.556183961,1.313033914,-1.406904145,0.696949795,0.985306586,-1.048491649,1.224406568,-0.128777007,0.363742747,-0.32161703,-0.259879492,1.366666667
1.06103033,-1.620888238,1.442906423,-2.145712042,0.39033317,0.643971625,-0.625480888,-0.585493522,-0.942711493,0.445461185,0.334991541,-0.009588864,11.38333333
-0.09172483,3.467589497,0.973328741,-1.916922386,-0.771938593,0.863842287,0.035313057,-0.201594287,-0.390801856,0.111953598,-0.661537018,-1.069055357,8.116666667
-0.176755819,3.166271231,1.072826303,-1.879415547,-0.681885165,0.8598119,-0.100677837,-0.243209952,-0.488347884,-0.018355131,-0.556336007,-1.067070713,10
-0.197172137,-2.487359483,1.950008007,-0.975034746,0.351837838,0.826135878,0.052411301,0.157569135,-1.300528387,0.841995716,-0.159207574,0.102749733,10.66666667
-0.083414144,-2.580004926,2.018925026,-0.87674516,0.418188876,0.885677621,0.098732507,0.023218907,-1.426575513,0.881732169,-0.044076815,0.180250635,12.2
2.82204229,0.698074473,-0.083152687,-4.320524553,0.082210248,0.404157686,-0.784374742,-1.391052564,0.884469624,0.215530732,1.334365553,-0.191898027,15.75
-1.198601497,1.790742064,1.055370719,-1.025990925,-0.646891277,1.223524686,0.718372419,-0.563213996,-0.513185979,0.476677994,0.286981059,-0.499934721,5.816666667
-0.14360504,-2.554921025,1.902465311,-1.172909234,0.403158194,0.931479999,0.190147048,0.252830987,-1.033995183,1.019860603,-0.179809545,0.196928987,9.3
-1.466104986,1.914131218,1.232246821,-1.148752253,-0.397094189,1.245068075,0.622952117,-0.578312243,-0.46440555,0.459869785,0.257017189,-0.500615918,9.233333333
-1.162376715,1.957064773,1.259855976,-0.767089044,-0.686437886,1.212931491,1.369809344,0.382822689,-0.3007974,1.073461811,-0.605127161,-0.510948381,5.516666667
-0.726798528,1.496891245,0.75124737,-1.199241796,-0.692189503,1.294861432,2.079634327,0.093473755,0.214503691,2.001440724,-0.42406375,0.029535045,9.716666667
-1.65030092,0.539648815,0.742370859,-1.231689932,-0.365340461,1.555429316,1.419400819,-1.301902191,0.176755587,0.876766686,1.720456673,0.215636185,3.483333333
-1.549649148,0.773915721,1.017442624,-0.856332441,-0.502957635,1.493548035,1.622751474,0.308977356,0.119615896,1.409172917,-0.123785039,-0.112376525,3.983333333
-1.268169173,1.177256291,0.991083437,-1.063270879,-0.579810562,1.421749111,1.591149197,0.175463963,-0.007948768,1.530957101,-0.428562092,-0.117098481,4.3
-2.354501773,-0.005535489,0.745650022,-1.381476235,-0.107374674,1.585566702,0.62505416,-0.42571742,0.391311852,0.65132047,0.951008491,-0.087518482,3.5
-1.994570459,0.577568809,0.894396868,-1.375722379,-0.234400721,1.504435418,0.665762752,-0.124830018,0.304467923,0.573107316,0.522923888,-0.274079122,5.716666667
-1.181752115,0.973076067,0.347033857,-2.131328242,-0.372262984,1.306175403,0.525965868,-0.386752558,0.928521618,0.445157579,1.023068825,-0.350119187,4.766666667
-1.439915164,-2.677574359,0.100203281,-0.871858578,0.449687898,0.467465164,-0.76228618,1.447729063,0.287957684,1.098048236,-0.34070806,-0.392194234,4.8
-2.218318394,-0.469707739,0.330936718,0.454365647,-0.163972742,0.907816022,0.31706066,-1.630394571,0.75849248,0.10717383,0.55739926,-1.221656822,3.616666667
-0.608541867,-2.143396551,-0.125337462,-1.753252043,0.493000335,0.299338829,-1.55257076,0.651507823,0.36821317,0.423152528,0.327807556,-0.569680155,7.8
-0.813880977,-2.034025477,0.044389118,-0.866697911,0.387403257,0.524566172,-0.204733597,-0.095051892,0.001548647,1.04242324,1.041648584,-0.009772905,11.03333333
0.595800253,-1.3830473,-0.090396947,-2.058896096,0.370455426,0.194433242,-1.472506843,0.703797354,0.192438867,0.615856434,-0.240582954,-0.6081877,10.58333333
-1.298664806,1.053586916,-0.244718848,-0.939657135,-0.438585268,0.705787242,-0.206959198,-0.148524306,0.188344583,0.528689465,0.635272031,-0.743841299,5.55
-1.616316812,1.068283344,0.266952726,-0.234168334,-0.380793436,0.751332076,0.370209671,-0.493851195,-0.438712702,0.715330214,0.762530125,-0.506917392,4.4
-1.524643459,1.035029142,0.59996294,0.096574385,-0.376891958,0.69865812,0.417503087,0.56500807,-0.629904307,0.967341484,-0.415091986,-0.736422888,7.183333333
0.125684285,-1.609164162,0.655031021,-1.07364325,0.270147776,0.285396366,-0.807417401,-0.360694383,-0.920277204,0.5610908,0.560110694,-0.284890706,10.16666667
-0.445589829,-2.182669059,1.010347565,-0.096134217,0.32813713,0.555058679,-0.084674752,0.084734582,-1.239974041,1.091417825,0.23909374,-0.051628731,11.3
-1.692007702,0.604022479,0.352909914,-0.347571789,-0.326246991,0.770650606,-0.142191535,-0.643934951,-0.508598582,0.170607846,1.161695544,-0.636648666,4.75
0.502807635,-1.759783762,0.422055442,-1.574655049,0.404284425,0.287732921,-1.524555118,0.79465775,-0.329773764,0.324227181,-0.272994203,-0.665431167,10.16666667
-0.615509786,1.696480575,0.279120891,-0.613798014,-0.661935366,0.53783992,0.11400291,-0.125695821,-0.522623488,0.67414368,0.05226556,-0.85310211,5.05
3.007496453,0.798323658,-0.349947343,-3.265477607,-0.046631333,-0.202696509,-1.861574339,-0.046508761,0.158877366,0.154336464,-0.202662769,-1.00439814,12.7
-1.179593266,1.655711058,0.833814077,0.200256782,-0.650537192,0.632751076,0.545063655,0.157497315,-1.06755851,0.869882501,-0.383245026,-0.806391398,5.133333333
2.757710005,0.267379233,0.345301378,-2.613585769,-0.03355712,-0.026510008,-1.599956961,0.347896499,-0.36502718,0.213523538,-0.522658383,-1.013892965,15.61666667
-2.331132794,0.708343561,0.68170531,-0.099771883,-0.125761992,0.797971833,-0.56134925,-0.314085744,-0.795919286,0.006080118,0.665593383,-0.867472743,4.1
3.34128513,0.447657691,0.665112651,-2.392901653,-0.025548626,-0.031436496,-0.953322886,-1.285747327,-1.213371036,0.440731009,0.463626143,-0.413641254,16.56666667
0.766363209,-1.830077147,0.86457768,-1.609628115,0.41543089,0.300912253,-1.815577064,0.701896739,-0.74974278,0.115838466,-0.355372323,-0.813053755,14.33333333
0.752417306,-1.625933096,0.179117287,-1.078797372,0.660943782,0.584016024,-0.610276546,-1.642196114,1.042412212,0.260876615,0.532458404,-1.020044225,30.36666667
-1.124529412,1.452665421,0.413947882,-0.313919436,-0.557861354,0.613527047,0.003795479,-0.180894222,-0.619624501,0.554799051,0.334982089,-0.900334508,5.8
-0.376578728,-2.845565698,0.966443468,-0.215058571,0.691967291,0.520354248,-0.588163708,-1.38798499,0.230946556,0.242760868,0.239084983,-0.976937368,9.316666667
2.52494982,0.344090222,0.420375011,-1.650508337,-0.204449376,0.084696415,0.078648992,-0.461669329,-0.72559152,1.366770845,0.089447663,-0.317509793,17.06666667
7.008084484,2.42059503,-1.771368781,0.587954667,4.757452662,7.423322657,-0.533342445,-0.014404501,-0.411664489,-0.405023505,0.909092059,0.860299568,24524.43333
-1.240910161,1.586859783,0.641160442,-0.19287717,-0.567749959,0.771665167,0.78540399,0.22214577,-0.557458728,1.430762171,-0.40885799,-0.667510115,6.733333333
-0.243071002,-2.330061116,1.055056684,-0.808026619,0.505742178,0.625320117,-0.614629592,-0.666663944,-1.108071961,0.740331865,1.052241792,-0.049822125,16.81666667
-0.751125508,1.311650634,-0.3121177,-1.889685133,-0.385875227,0.602174039,-0.885527842,0.646052623,0.799094423,0.368321309,-0.081209022,-1.202369114,8.916666667
0.422788548,-1.149137418,0.044220734,-1.763439635,0.250481682,0.442295179,-0.26372975,-0.337108915,0.143998492,1.201858052,0.790686022,-0.076654772,11.86666667
-1.61987343,1.530232651,1.805299865,-0.763911633,1.337915867,-0.027873859,-0.731670058,-1.433671461,-1.119571052,0.117184163,1.431685515,-0.762317137,1526.083333
-0.841737933,-2.385385623,0.458639173,-1.078990417,0.383820334,0.573273698,-0.662213755,1.473368165,0.154331411,1.181545481,-0.547817523,-0.454237339,5.083333333
0.22848607,-0.958107703,0.872307742,-1.658985114,-0.4370652,0.250339865,-1.276292403,1.731024269,0.821526016,0.952329274,0.005472776,1.240411374,5.783333333
1.917146704,0.003532936,1.431830103,-0.925970821,-0.998891349,-0.04944898,0.130437501,3.671430369,1.421025168,-0.044116942,1.487697505,-0.224512074,28.45
-1.113158603,0.705110585,1.096490561,-0.118045563,-0.856399217,0.753937907,-0.551467181,-1.093877174,2.1112149,-0.338322069,-0.103341951,-0.215735833,5.666666667
-2.43259494,0.508005923,1.051648808,-0.730347356,-0.551945085,0.908161951,-1.706995699,0.950044263,1.252921436,-0.374402242,-0.17139509,0.282208444,2.816666667
-3.320447513,-1.250397466,2.220422462,1.856840878,-0.426707278,1.235661395,0.188657277,-2.003987222,0.691534514,-0.162404261,0.925181158,0.478233579,3.45
3.710893354,-0.489519097,3.503404831,0.699253582,-1.149232002,-0.5061091,1.217285014,0.627113196,0.759796454,-0.984769971,0.895090851,-1.137073117,11.95
3.503869372,0.263504521,2.17036533,-0.904197534,-0.567020094,-0.127387543,-0.653595929,-1.96167876,0.435946174,-0.037393585,-0.55774235,0.174830441,17.28333333
-1.260505912,1.494715801,1.433457944,-0.567979636,-1.031568746,0.720448836,-1.485033158,1.01197991,0.692251136,-0.425821304,-0.586427042,-0.040159808,5.75
-1.227347906,-3.831314271,2.251028106,0.438409278,0.276376858,0.421661862,-0.957739076,-0.595296136,1.062783919,0.114357477,-0.384949863,0.589663981,1.333333333
-1.050138155,-4.156268959,1.845766365,0.10474633,1.331962674,1.637930479,-0.763960252,-0.654777055,0.150386972,0.304816032,-0.266256442,-0.75191954,33.35
-0.984119368,2.101440683,1.812308557,-0.29268034,-1.109346655,0.718476875,-0.982347129,-1.044104599,-0.178689426,-0.740052823,1.061187337,0.390998066,5.55
3.612655589,-0.953353367,3.836360448,1.028419005,-1.046723039,-0.414304828,1.113073793,1.521636087,0.501806154,-0.770511953,-0.151879892,-1.217196616,15.55
3.645838393,-0.129103734,2.732582498,-0.139528295,-0.594714185,-0.024873758,-0.220841281,-1.147035243,-0.063495136,0.323047545,-1.440096624,0.186532322,20.7
-1.020196053,2.547564316,2.017292249,-0.275768395,-1.118470591,0.647223731,-1.302316408,-0.480528462,-0.32783054,-0.799616466,0.231425365,0.070632906,9.5
3.524590821,0.481816943,1.766905551,-2.570181247,-0.707219587,-0.305692054,-2.271823266,1.053615332,-0.621050177,0.075899041,-0.670322354,0.763149374,12.26666667
-4.005760609,-0.626300802,2.546287261,1.683790465,-0.516273069,1.369938222,-1.125211252,-1.130327352,0.527094749,-1.247215128,-0.101764039,-0.3017404,2.966666667
2.133297783,-1.713014585,2.852527895,-0.232610188,-0.159809101,-0.001240833,-1.277136709,-1.49010468,-0.105165095,-0.429356634,-0.653698531,0.186778779,11.55
3.992113788,0.136400091,2.66183253,-0.130997109,-0.678111805,-0.08673693,0.029920659,-1.140482119,-0.02056945,0.589447856,-1.485389195,0.208819861,14.66666667
-0.780573111,2.930660573,2.609204099,0.674235033,-1.260541253,0.601032305,-0.225807816,0.211105411,-0.951895709,0.085067939,-0.900389067,0.176692205,9.8
3.715572022,-1.374154097,4.034434728,1.261597577,-0.831753752,-0.282864228,1.196443248,0.92781761,0.081652442,-0.650170892,0.282716096,-0.91824896,14.58333333
3.833855046,-1.435121893,3.93708337,1.00218647,-0.773869335,-0.308603102,0.784578517,1.407649029,0.299261152,-0.765578915,-0.124041423,-1.120147066,15.26666667
-0.618868724,3.37160365,2.451065877,0.674086393,-1.387870089,0.603663033,0.237674161,-0.063172882,-0.89010555,0.448046548,-0.83071897,0.360652222,9.233333333
1.867380304,-1.029427104,1.900975901,-1.374713765,-0.240293981,0.268563072,-1.476122495,0.231234824,-0.875110238,0.535965504,0.661693709,1.525869226,12.56666667
-1.81690626,1.96337983,2.028763485,0.303799196,-1.10416491,0.891172533,-0.731083122,-0.692678259,-0.366109867,-0.463339579,0.65934864,0.424056767,5.2
-2.195507375,1.495751167,1.76245452,-0.233110583,-0.746252701,0.878284015,-1.658757457,-0.196260723,0.154954351,-0.885098312,0.506717145,0.172202831,4.683333333
-0.637530615,3.004652266,1.441516627,-0.84159156,-1.064529115,0.511158217,-1.078585609,-0.172897682,0.397337339,-0.285922052,-0.136411998,0.167397235,7.183333333
-1.298616729,1.772437775,1.51078218,-0.126222546,-0.930718629,0.67131506,-0.414601466,-0.120293913,0.473189981,0.084300077,0.466231653,0.537845233,6.65
-0.736424785,-3.616231578,1.819489601,-0.202068524,0.733143755,0.912112195,-0.253400785,-0.612082983,0.273632849,0.580296926,-0.457326611,-0.86638263,7.75
-3.521839767,-1.11795801,0.663265714,-0.853554589,0.144027,1.548831087,-0.501865419,1.411450111,0.812170957,0.727388565,-0.097550693,-0.770206508,1.283333333
-0.813512905,0.163576788,-0.422792253,1.694608791,-0.663482797,-0.557853143,-0.977440961,-0.789446282,1.75872264,0.289233334,0.165007931,-0.390053421,7.4
-1.022947645,1.427797501,-0.122276932,1.655085644,-1.046701069,-0.329418896,-0.446243698,-1.065374318,-0.35618501,0.844894881,1.246793774,0.865060773,3.85
2.354169111,-0.192477657,0.220976559,0.545525148,-0.588983713,-0.806436897,-1.093310002,0.43511477,-1.254583742,1.45978287,0.452389162,1.467178411,21.01666667
2.826385999,-0.171574566,0.664605996,1.474133571,-0.706039255,-1.166090428,-0.52050143,-1.358376547,0.032900672,0.919113854,-0.715119763,0.099664983,14.36666667
3.859407983,-1.135777488,1.914103621,2.155262618,-1.020604418,-1.715732589,0.04689106,0.794348934,0.382975633,-0.84027052,1.195934448,-1.471708939,12.18333333
2.897032441,0.0100609,0.4619206,1.248721508,-0.808838871,-1.291131699,-0.55725605,-1.235225693,0.297378802,0.989064808,-0.806004769,0.002334196,12.38333333
2.851438243,-1.188782635,1.905257751,2.677582437,-1.088523168,-1.583577773,0.65008587,0.986535955,0.306622337,-0.188750409,0.735919724,-1.266142484,9.483333333
-1.151528077,1.374282576,-0.090971301,0.85736775,-1.125149216,-0.414069846,-2.837563637,0.688758128,0.073476004,-0.742328582,0.06381217,-0.528919959,5.3
4.092033991,1.169611785,-0.178799168,-1.07978722,-0.916251784,-1.440474289,-2.689409933,1.179445805,-0.673023405,0.572480793,-0.410436931,0.39454406,14.76666667
-0.783138311,2.173414329,0.557050647,1.717858358,-0.991549277,-0.555417737,-1.317263281,-1.409713055,-1.135147918,-0.061909109,1.369273371,0.292522106,12.21666667
4.347609332,0.195987083,0.598133744,0.668526602,-0.546224966,-1.276551375,-1.425500164,-1.832059861,-0.032785928,0.318672223,-0.34126994,-0.128755973,17.6
-1.75673913,1.862867813,0.16510445,1.220996477,-1.204451902,-0.324617209,-2.828090657,0.830315472,-0.163943559,-0.835665321,-0.250050582,-0.670986074,6.666666667
4.647482903,0.2269784,0.725696029,0.747421937,-0.500464934,-1.217249122,-1.519495625,-1.741046845,-0.186840989,0.257565205,-0.445440109,-0.19208792,21.63333333
3.634852794,-0.861009595,1.698101792,1.568165044,-1.040757496,-1.415568036,-0.16966964,2.959788154,-1.352240628,0.422258917,1.373919066,-0.108249307,12.61666667
-0.300832304,2.837420386,-0.0320532,1.214939532,-1.178778048,-0.681541922,-1.223485608,-0.565875804,-0.283171715,0.350024407,0.669315593,0.076112283,5.816666667
-1.546675325,1.491501264,-0.026316908,1.382591698,-1.009280823,-0.31366883,-1.99052616,-0.143667195,-0.110169609,-0.309586077,0.899893756,-0.050588242,3.533333333
-2.395459515,0.671954081,-0.268658071,1.048798802,-0.655111137,-0.297082899,-2.803845252,0.896718644,0.481712582,-0.441631057,0.166712862,-0.2910778,2.216666667
-1.756580843,0.731592087,-0.081266496,1.921408444,-0.854451675,-0.364185278,-0.881375714,0.536181278,0.117160733,0.898803329,0.298197368,0.41008945,3.166666667
3.412683608,0.675295543,-0.879648439,-0.379585482,-0.558714879,-1.273319987,-1.598177558,-1.72221977,1.910813772,0.27808012,0.437749315,-0.223654852,22.61666667
2.86201655,0.08871505,0.392078808,1.620208714,-0.868667399,-1.191652081,-0.002811731,-1.313231449,0.447027905,1.171132808,-0.325157936,0.105400907,11.48333333
-3.200254298,-0.70825521,-0.428538714,1.665826716,-0.542017808,0.010990522,-2.174969814,1.551852473,0.770854458,0.304579882,-0.012839487,0.091436671,0.916666667
-1.345636768,0.585873606,-0.51526532,1.422043449,-0.906506563,-0.337664069,-0.995362013,-0.179523321,0.38038214,0.811316449,1.1054867,0.583802113,4
-0.345031811,2.099520522,-0.469290841,0.927156536,-1.060405334,-0.640263782,-1.109337827,-0.370325231,0.274324426,0.634751858,0.762272043,0.319374858,6.55
-1.571328449,0.605832094,-0.647254495,0.952944402,-0.81040197,-0.314491129,-1.851288962,0.052584528,0.632200624,0.196877281,0.99668263,0.271347356,4.2
-1.745811907,0.753420227,-0.388506714,1.152138989,-0.70620698,-0.322053779,-1.783391701,-0.261579433,0.327264096,0.079076672,1.177653565,0.337574554,4.033333333
0.281831919,2.813865408,-0.812304353,0.725792853,-1.462670016,-0.740414552,-0.696629022,2.001524054,1.026879961,1.563666476,-1.845929208,-0.06231567,10.71666667
-3.691364622,-1.545986942,-0.661441128,1.561350622,-0.36419743,0.082320352,-2.25686074,1.448362194,1.085513192,0.303369751,0.400167665,0.294739997,0.383333333
0.003627867,2.209260135,-0.143168156,1.448449717,-1.336428108,-0.565411645,0.044151018,0.510097982,0.099012985,1.672225908,-0.485934108,0.51822157,5.916666667
-2.343109759,0.012558044,-0.652689501,0.776958821,-0.152553848,-0.403043613,-2.076542834,1.170109615,1.400699509,0.367725171,0.457987636,0.180115879,5.416666667
-2.469794487,0.179938337,-0.386737144,1.231375733,-0.450855833,-0.245234124,-1.729088567,1.658199725,1.004284255,0.67847712,-0.446619301,0.160333093,2.766666667
-1.653254971,-3.86254715,0.032216344,1.538954826,0.64811855,-0.237358851,-0.627777026,-1.128367665,-0.015554726,0.974642915,0.41942492,-0.889391469,1.6
-1.346572645,-4.055307048,0.21355599,1.314558176,0.730451191,-0.158152585,-0.815419604,-0.837472804,0.04827407,0.849593864,0.188284077,-0.940120351,1.016666667
-1.28915197,-4.133806425,0.198915138,1.238242514,0.806200882,-0.13535964,-0.966842925,-0.763143989,0.045478684,0.870518858,0.05280264,-0.94905031,1.166666667
0.600780595,-0.604995587,-1.324651141,0.029298527,-0.503009111,-1.020544194,-2.44594248,1.608994756,0.666913554,1.292491985,0.642909721,0.739042953,15.21666667
0.20939882,2.17960432,0.002724667,2.279844018,-0.485025013,-0.881284069,0.309617414,-0.975627593,-0.721257475,1.482472404,-1.240599998,-2.000059171,32.01666667
1.397856675,-0.832514792,-0.026942605,1.856864571,-0.627302852,-1.298728569,-1.039883237,-1.120186093,0.671004817,1.020672323,-0.154499279,-0.1116088,8.733333333
-1.090935803,0.793402185,-0.450400391,1.632530065,-0.969084236,-0.540225304,-1.973729896,-1.266576454,1.356295627,-0.330936753,0.21825736,-0.765304421,6.266666667
2.434093232,-0.692320755,0.153992257,0.51567558,-0.821911944,-1.368169628,-1.794802586,2.382466828,-0.812209724,1.720372374,-1.13871561,0.817747689,11.36666667
-1.240717412,2.081100328,0.410231525,2.888556888,-1.579727146,-0.250988812,-0.18853453,-0.524727941,-1.127744259,1.029313113,0.546971002,0.512260338,5.15
3.64110576,0.411174845,0.818855871,1.440089459,-1.539888656,-1.686568122,0.237915496,2.275777022,-0.457469606,0.403863412,2.720639152,-0.28133551,27.05
4.731491668,0.213889025,-0.825055722,1.547078818,1.486819424,1.273828506,1.500809336,2.17914794,-1.008163594,-1.965448505,2.023948402,-0.956471803,14502.03333
2.837651079,0.043781678,0.208573532,1.601274265,-0.873048249,-1.424581804,-0.417299245,-1.251030017,0.38993838,1.534172359,-0.676388499,0.045182578,14.65
-1.200252471,1.443195158,-0.124171945,1.944496183,-1.172764848,-0.474593872,-1.198696579,-0.684321555,-0.489336229,0.763222436,0.977211256,0.385218084,4.833333333
3.304035176,-0.101034972,0.604233108,1.652045245,-0.844625904,-1.469420858,-0.707353221,-1.358153421,-0.094626498,1.201717912,-0.722848564,-0.042717025,14.63333333
4.355282879,0.542078031,0.19213887,0.237221802,-0.769148306,-1.712508911,-2.289207022,-1.588918973,0.382469188,0.031755926,-0.388181683,-0.645704723,16.25
0.293152615,3.071697452,0.256041487,2.229541633,-1.58148337,-0.864580762,-0.3512773,0.16322826,-0.847557395,1.500569878,-0.469375797,0.082255236,11.46666667
1.425669813,-0.955177832,0.125138418,0.607860152,-0.453091156,-1.070179099,-2.538420893,0.201313391,-1.374874926,0.99251098,1.038283938,0.952387587,13.01666667
-0.710568077,1.762026221,-0.636146708,1.338056985,-1.377568905,-0.521897588,-1.543614411,-0.807490493,0.139154754,0.378774181,1.562863755,0.166739605,4.016666667
0.311530129,2.639733069,0.763614961,2.781650864,-1.169663932,-1.068305479,-0.630382262,-0.742594242,-0.036369466,0.758840295,-1.426093661,-0.945950914,12.53333333
-1.387855968,1.333162736,-0.102879383,1.534766029,-0.996437787,-0.520311121,-2.319634382,-0.083839933,-0.175738966,-0.204639494,0.894973801,-0.16986821,4.083333333
-1.187722133,1.797670456,0.319613543,2.40239298,-1.333007626,-0.477335038,-1.232884694,0.555353902,-0.687522312,0.672763444,-0.197713242,-0.068237237,3.65
2.037515316,-1.282435025,-0.274272675,0.951230293,-0.07395872,-0.994560239,-1.828486907,-1.796776598,0.994883444,0.617030045,0.557360791,0.139700844,12.76666667
-1.556011124,2.061906608,0.030736157,1.584510202,-0.794474546,-0.725857637,-2.157302334,1.644597982,0.091311477,0.473960943,-1.292893985,-0.429137926,9.816666667
-2.587395876,1.010630873,0.034686898,1.880502402,-0.429783191,-0.565379366,-2.301477587,1.565064315,0.296887614,0.252886203,-0.553345698,-0.275251623,8.716666667
-0.820933204,-4.034228483,0.78765412,2.492257354,0.167443237,-0.931551522,-1.547701356,-1.222487546,0.126273279,0.696846946,0.350368962,0.505397961,2.466666667
-2.730649299,0.700576968,0.006351553,1.98108626,-0.596467145,-0.40829314,-2.335807355,1.524865588,0.255879067,0.125671447,-0.390814325,-0.268060144,5.283333333
-3.770872744,-1.327030252,-0.632723225,1.878520529,-0.480907133,-0.012381251,-2.565718537,1.415553038,0.863322424,0.262090566,0.383948114,0.11739258,0.4
-1.975072662,-3.054261302,-1.938591647,0.124203664,1.177155775,-0.32771301,-0.304416064,1.546228049,-0.480316992,-0.812483636,-0.577681018,0.210151686,5.216666667
3.29997084,0.787176134,-2.219734214,-2.162183049,0.404650605,-1.273638141,-0.297392825,-0.761668614,-0.982701478,-1.190499632,-0.075253198,0.122386785,17.18333333
-0.555218262,-2.374207104,-2.017164993,-0.889234116,1.196162358,-0.583153172,-1.150490107,0.760026289,-0.625572065,-1.459401142,-0.213929153,0.033489636,7.533333333
-2.279250922,-3.317251821,-2.016966467,0.098668915,1.230894414,-0.326575488,-0.337642419,1.504954065,-0.352319921,-0.822521964,-0.415013412,0.269483,2.283333333
0.492877442,1.480562028,-2.228107249,0.212933248,0.208707769,-0.737009149,1.801537333,-1.219944232,0.471370095,-0.500354267,-1.077248668,-0.551667511,6.816666667
-0.920114575,1.112637186,-1.841698726,0.358209466,0.067128415,-0.342515391,0.916101788,0.078157585,-1.078178024,-0.987266699,-0.114234629,-0.068714117,4.516666667
-2.782583394,0.089525857,0.220442118,2.64882406,2.200918824,-0.826069482,2.265100814,-2.586533809,-1.444005236,-1.035862673,0.707593369,0.083704332,50.53333333
1.764913101,-0.44049852,-1.734027511,-0.582936337,0.558888544,-0.850564084,0.732510068,-0.339298815,-1.396870075,-0.499345694,-0.06683303,0.523262082,11.86666667
-0.086583011,1.837699109,-1.825355831,0.150632975,0.237126601,-0.690885782,0.690871437,-1.06765339,0.180088188,-1.656100745,-1.168303495,-1.130800847,6.133333333
-1.882293524,0.526380116,-1.650861258,0.963513423,0.085929233,-0.058817881,1.167492988,0.465545054,-1.266768206,-0.735525203,-0.517145918,0.082993336,3.383333333
1.872333455,-0.261731854,-2.209657081,-1.446227381,0.499559997,-1.065539212,-0.152045753,1.003177065,-0.510698198,-0.736328484,-1.205347651,-0.052842054,13.21666667
2.413813943,0.348938374,-2.5731967,-2.26646994,0.502207508,-1.216410989,-0.791169233,0.343100855,-0.273736794,-1.187316515,-0.663773341,-0.224311316,13.81666667
-0.273662897,-2.58814016,-0.810231812,0.398020031,0.93493664,-0.385163142,0.916103631,0.107625091,-1.878762056,-0.422578251,-0.155849093,0.859099298,13.18333333
-1.111422568,0.857182122,-1.856480318,0.384581762,0.094800141,-0.247997405,0.895580297,-0.563027341,-1.20259387,-1.160094599,0.577558216,0.101507552,4.883333333
2.808039097,0.601984846,-2.577691117,-2.632414048,0.572607014,-1.049387707,-0.877404613,0.159631641,-0.135881022,-1.34112732,-0.529537705,-0.191477081,16.88333333
-1.886658489,0.593953511,-1.561866091,0.094137865,0.578685253,-0.200345204,0.040928231,-0.331459977,-1.163169952,-1.698978652,0.377431705,-0.112355664,9.7
0.49727144,-2.108769403,-1.21903569,-0.44352663,1.029960723,-0.582208653,-0.155080369,-0.171636812,-1.669553032,-1.08844316,0.046518756,0.516925553,12.86666667
-1.711594013,0.802991244,-1.680182433,0.507456851,0.183610256,-0.160950297,0.491797818,-0.054634951,-1.278227926,-1.382355182,0.028681254,-0.115769209,3.383333333
2.426840669,-0.183217538,-1.833451432,-1.553791052,0.555867144,-0.95576109,-0.260009161,1.034559826,-0.83731905,-0.800553384,-1.522830675,-0.067259901,12.2
-1.547472357,0.483221084,-1.016221301,1.642242227,0.059144095,-0.047916889,1.555688434,-0.807328736,-0.59998199,-1.36303767,-1.237625329,-0.76473624,3.216666667
3.808425763,0.980589164,-2.13217163,-2.582396038,0.45683066,-1.234801384,-0.59736149,-1.129948655,-0.944174166,-1.585175909,0.39246439,0.041162255,12.91666667
-1.851272694,1.008824683,-1.749094626,-0.017015052,0.207402385,-0.04680301,0.060048083,-0.108156267,-1.04413964,-1.7026346,-0.016850036,-0.213509996,3.95
-0.925041484,1.699982829,-1.535985257,0.158252547,-0.015655003,-0.17147831,1.200791771,-0.309618522,-1.205703279,-0.94433989,-0.116753745,0.044544937,4.766666667
-0.076876071,2.56950428,-1.59434038,-0.567984157,0.00822014,-0.467722948,0.469928786,-0.033767806,-1.076935047,-1.36072481,-0.627438515,-0.416945727,6.616666667
-0.919934627,1.313516724,-1.406027843,0.192192062,0.176559638,-0.250979227,1.078159099,-0.151614329,-1.224813214,-1.048594089,-0.092561627,0.022294529,4.833333333
-0.450689645,-2.504715991,-1.589085204,-0.954050379,1.068848047,-0.548147187,-0.600482317,1.068501602,-0.664673038,-1.15291064,-0.699421104,0.216639242,3.033333333
2.295749679,-0.152670392,-1.130743076,-0.80990286,0.374895683,-0.869977368,0.806338928,-0.221964147,-1.797340924,-0.53613519,-0.675360851,0.43779187,15.16666667
0.773466526,-1.832557171,-0.901541202,-0.563297835,0.866144243,-0.660813648,-0.09507174,-0.249452754,-1.913769403,-1.16234586,-0.121546336,0.439437326,11.65
-0.45034495,-3.2957926,-0.810096715,1.06135034,1.229093632,-0.283124167,1.029236341,-0.579483643,-0.440539085,-0.864913305,-0.766971451,-0.024826082,11.81666667
-0.211316961,-2.623334078,-0.983456892,0.252496657,0.991692006,-0.370246839,0.712641433,0.393398621,-1.623389803,-0.387253881,-0.300632788,0.746510318,9.05
1.848044951,-1.374038444,-1.120557953,0.027580162,0.783330488,-0.728548523,1.071934419,-0.715286383,-0.325156557,-0.665816096,-1.426905774,-0.279168617,8.783333333
-1.560010114,1.280984495,-1.422862742,0.284356422,-0.024107571,-0.025679831,0.637547085,-0.025119866,-1.223453316,-1.450947323,-0.094409781,-0.21758941,3.216666667
0.635258415,-1.377931202,-2.040215255,-1.048638292,0.719392311,-0.930363896,-0.362993344,1.109381139,-0.484749616,-0.711079922,-0.884403381,0.031943575,5.616666667
-2.35130544,-0.702174654,-1.308512796,1.760466863,0.524121745,-0.073345428,1.159005297,-0.817760719,-0.2436074,-1.146088445,-0.690473747,-0.646702191,3.283333333
1.961648344,-0.353460533,-2.223504577,-1.432301045,0.543442754,-0.997587744,-0.20007093,1.022435395,-0.410856716,-0.55116069,-1.133483056,-0.043951742,8.4
-1.983392541,-3.622981437,-1.806093282,0.039714211,1.259048187,-0.423645494,-0.507696234,1.48322628,-0.503672621,-0.726136914,-0.455136463,0.2910461,0.733333333
3.183910579,1.174827706,-2.468559573,-2.091717948,0.386582638,-0.874495233,0.108753324,-0.652675138,-0.371150136,-0.890648586,0.263405227,0.1357467,23.98333333
-1.618275692,-3.001585635,-1.921717485,0.080972664,1.152277242,-0.309463275,-0.23470507,1.567468382,-0.398240562,-0.625616482,-0.579279973,0.244037394,4.483333333
-1.426518724,-3.511723241,-1.491488786,0.153221074,1.182992254,-0.482638539,-0.479296814,1.467150324,-0.851368877,-0.90253646,-0.514537562,0.227157598,2.4
-1.442241467,-2.971208488,-1.830536139,0.069057515,1.204638335,-0.287683979,-0.371790629,1.601935935,-0.566341299,-0.613503565,-0.780877088,0.215704565,8.95
0.057214334,2.479756853,-2.262056575,-0.260263986,0.003438018,-0.640810824,1.405900764,-0.187930726,-0.647213422,-0.162206056,-0.414317737,0.069771184,7.966666667
-1.048023948,1.002100818,-1.650708562,1.31685102,-0.118683105,-0.128367221,2.549379097,-0.329329752,-1.382459648,0.205942658,0.128796863,0.632717589,3
-0.122250114,-1.361505783,-2.13990642,-0.38908698,0.741102316,-0.594925304,0.588105758,-0.041675671,-0.612586837,-0.397727625,0.368723685,0.565571362,13.68333333
-0.942415054,0.752959603,-1.865800655,0.714252298,-0.035898289,-0.214196272,1.67178832,0.354289602,-1.106021737,0.038853387,-0.681216071,0.293047679,5.6
-1.600024209,-0.235102966,-1.795374361,0.719613846,0.477013327,-0.216307849,0.438874293,-1.146741429,0.319930483,-1.837888104,-0.17934999,-0.871265809,4.366666667
-2.173225543,0.317988124,-1.800770461,0.471027545,0.328026822,-0.052175688,0.392370961,0.005335733,-0.965274384,-1.276206641,0.224101471,-0.010723644,3.15
0.12047545,-2.086475607,-1.27418066,0.497056062,0.757237641,-0.575261445,1.029396495,0.54953083,-1.492731992,-0.097719973,-0.397170314,0.691789694,7.4
-1.725377906,0.763304724,-1.684926968,0.464742073,0.26130322,-0.179153978,0.544043155,-0.019945953,-1.11374426,-1.207318653,0.066395723,-0.060458748,3.55
1.786374565,-0.413800735,-1.687937187,-0.564495656,0.525525553,-0.83683576,0.669401594,-0.336931208,-1.37477954,-0.387709984,-0.047978125,0.472368823,13.51666667
-0.387739638,2.094380472,-1.432982248,0.746223751,-0.057388634,-0.494692029,1.757577503,0.184447511,-1.610134259,-0.027360867,-1.117080887,0.089928887,11.53333333
3.713317256,1.500317631,-1.87192594,-1.235381916,0.18856264,-0.810989994,1.009068121,-0.510310402,-1.203664902,-0.257983284,-0.380375539,0.296312114,27.75
-2.098294157,0.222763271,-1.645327729,0.573502175,0.263445643,-0.046180928,0.253352675,-0.130414289,-1.246708509,-1.389014152,0.284278198,-0.084741895,4.2
0.168600181,-2.701612206,-0.55109806,0.514342968,1.005318204,-0.434826624,0.372522096,0.200406898,-2.304431086,-0.599389616,-0.405575664,0.663421048,12.66666667
-1.408927623,0.605534259,-1.229281371,1.345665617,0.253872209,-0.254375756,1.093154208,-1.505903714,-0.456876173,-1.655656628,-0.348642053,-0.805080471,3.85
-2.697132377,0.178575099,-1.420510158,-0.026996783,1.252165547,-0.413037964,-0.832692197,1.058230447,-0.642095339,-1.705306805,-0.609183294,-0.562075541,19.43333333
-1.219651833,1.041387677,-1.404866391,0.756453955,-0.0218449,-0.019912485,1.690861762,0.648938727,-1.045400279,-0.296837996,-0.704832742,0.102604013,4.3
-1.211583267,1.062891089,-1.563698431,0.097820846,0.134833694,-0.153495625,0.916582743,0.132537405,-0.831119366,-1.052956029,-0.060796761,-0.04115951,5.966666667
0.050469733,4.445195596,0.250766645,-0.071542034,2.924689615,-2.167428549,1.111514322,0.44408808,-0.458204111,1.468266387,-0.787341259,-0.412164398,14460.16667
-1.397442065,1.115679463,-1.237149848,0.73721223,0.051201646,-0.037868994,1.673821259,0.229853638,-1.307222767,-0.47261351,-0.571486029,0.230182818,4.383333333
1.837347722,-0.691914664,-1.522392037,-0.247844941,0.591990818,-0.713072364,1.666357944,-1.254572203,0.123188262,-0.29358583,-1.028582754,0.009464641,10.75
-1.572983747,0.31277712,-1.065481614,1.31886727,0.230348786,-0.003758754,1.564490114,-0.453804981,-0.106829198,-1.128570323,-1.386511254,-0.726804225,4.25
0.73703353,-1.243837523,-2.33239705,-2.083437507,0.887586745,-0.72270732,-0.69354559,0.470930791,0.167486228,-1.161639725,-0.138559757,0.185756388,5.4
-1.60709641,-4.192039242,-0.88564663,0.799081823,1.40661512,-0.296625512,0.46207818,-0.528911769,-0.144328685,-1.044418539,-0.672668666,0.025170707,2
-3.233287017,-1.803823402,-0.121080966,0.240388359,0.811395359,1.213169332,1.982801338,-0.859494025,0.919274188,-0.893666852,-0.279883968,0.005751244,1.583333333
-3.03134677,-1.700544681,0.14971424,0.655059238,0.655721723,1.264067308,2.560123877,-1.674465269,0.354858265,-0.756753586,0.294021256,0.294753614,0.816666667
1.091901115,-1.948834804,1.479726717,0.346558469,-0.095758822,-0.100281285,2.865050197,1.767537704,2.20928173,-1.591910949,0.055763319,0.30756036,12.83333333
-0.419954075,1.772171984,-0.245751825,-1.141138784,-0.454127379,0.504722105,1.66689286,-0.099279503,1.088091295,-0.511471373,-0.096153996,1.95159992,5.916666667
0.129410386,-1.798976068,0.357705283,-0.881428449,0.424058528,0.142466286,1.217743397,-1.530330037,1.686725346,-0.928930081,-0.246859744,1.758624554,4.516666667
-0.955409098,0.236409615,-0.085245636,-0.311540215,-0.314864319,0.66396098,2.209998137,0.665515288,1.022064832,0.241221917,-0.424469163,2.18763656,4.066666667
0.763480554,-0.777726069,0.620585417,-1.001785271,-0.532117085,-0.184203121,2.045189973,4.285764918,1.484393352,-1.004475153,0.599338577,0.915861225,5.383333333
-0.443472516,-0.648679432,-0.320272406,-1.56048528,0.099409056,0.460768729,1.021044089,0.727569723,0.636312522,-0.064977952,0.473389279,2.692738924,9.916666667
2.062766997,-0.591462675,1.308014134,0.536425435,-0.604014005,-0.2546198,3.818225052,1.660382101,2.33665422,-1.134865459,0.18653054,0.196038874,9.55
-1.176464746,0.782448771,-0.026060662,-0.42425083,-0.244253777,0.578419697,1.962510819,0.821339335,1.079731159,0.045208608,-0.690446356,1.994274306,3.383333333
0.87025928,0.391546741,-1.630245466,-2.849025908,0.286211333,0.208168978,0.95452782,1.071560192,1.243980561,0.133926201,-0.889437854,0.172745536,12.01666667
0.024332614,-0.198791406,-1.550244725,-2.761100645,0.455393682,0.290973886,0.57988274,0.962269712,1.16840803,-0.146167829,-0.664136356,0.174595536,12.55
-0.075958151,-1.26409019,-1.32112862,-2.298635828,0.971453992,0.328111404,0.547508682,-2.036146447,1.848745012,-1.095623484,0.669802268,-0.151430956,11.06666667
-1.663032871,-0.097625285,-1.1126818,-1.617051117,0.28957846,0.798880881,0.631408047,1.206689357,0.781435863,-0.601331623,-0.521176078,-0.093793715,5.6
1.453466052,0.911825495,-1.813557862,-3.751353765,0.229656722,-0.074984809,0.29707106,0.388952916,1.308253765,-0.444475335,-0.491290402,0.039226981,10.25
1.076656142,0.17734846,-1.296965141,-2.807160742,0.373492104,0.118175557,1.150100606,-1.261884961,0.444155153,-0.404591656,1.290762323,0.72091734,9.316666667
1.381342981,0.406524544,-2.076545617,-4.409516721,0.609822213,-0.032004553,-0.691381727,-0.409276399,1.537269229,-1.194207871,0.617007886,0.036849457,6.333333333
2.118902231,0.936903993,-1.753463588,-3.585032344,0.461811491,0.128531601,0.806154603,-1.427884437,0.777693384,-0.322269319,1.115471561,0.683859042,14.25
-2.208941376,-0.069964212,-0.609229397,-0.997766176,0.492537565,0.837688465,1.137544382,-0.106255962,-0.004085741,-0.624871013,0.495627686,0.343258368,3.416666667
-0.080099032,-0.955434927,-1.21748263,-2.370344076,0.68889171,0.391069074,1.060107501,-0.145601747,0.573083198,0.014021637,0.281046793,0.818264691,9.05
0.556077905,0.436150773,-1.21617898,-2.179169371,0.238256295,0.473163263,2.071005367,-0.261762491,0.630706782,0.455737208,0.248061395,0.779408414,11.7
1.32071385,0.863685087,-2.026222829,-3.813060078,0.376645931,0.241460287,0.500226657,0.456992258,1.7525901,-0.211101268,-0.284889855,0.161281006,11.71666667
0.450969329,-0.370520675,-1.214059634,-1.693048715,0.631916187,0.563496166,2.167574433,-1.687601173,1.871387908,-0.021839017,0.099044956,0.160071545,12.85
-0.06989545,1.366165722,-1.749128372,-3.302451227,0.254630842,0.398579138,0.235769955,0.248331131,1.542156245,-0.953581216,0.180802457,-0.180433061,8.633333333
-3.109731365,-1.131350728,-0.213231864,-0.251556328,0.430128714,1.275385734,1.751444039,0.037933321,-0.297763784,-0.352845924,0.505911176,0.699620139,1.966666667
-3.941631884,-1.509035735,-0.141882545,-0.508555445,0.706293225,1.481658176,1.170738225,0.28217114,-0.101561362,-0.661679272,0.317067032,0.613597649,1.733333333
-2.30494318,-0.091783501,-0.509651658,-1.351351845,0.687577396,0.93896763,1.376264094,0.01617742,0.384727113,-0.487614941,0.460559595,0.495529301,3.233333333
-1.53272836,-2.305770993,-1.702253492,-0.797606592,0.757514471,-0.064910496,-0.991274119,1.034693663,0.594636646,0.241528993,0.287972531,-0.246529118,4.783333333
-1.276366448,-1.52349877,-2.201114165,-0.98305944,0.623096489,0.03747689,-0.500575143,1.101437972,1.179457019,0.543051997,0.315493405,-0.185780642,8.1
-0.854806653,-1.474175038,-2.054030755,-1.261557136,0.602911489,-0.154269044,-0.877520449,0.847616205,0.92821491,0.28895184,0.360962644,-0.288107743,5.633333333
-2.693426365,-3.047899808,-1.508927847,-0.047056126,0.825882992,0.151782439,-0.597304253,1.515174555,0.540607389,0.496984709,0.091796272,-0.119751999,3.233333333
-1.390420884,-2.787132565,-1.239320932,1.17771826,1.312328199,0.968147166,0.592929935,-0.059630883,1.317011424,0.809244871,-0.244689957,-0.442687216,58.18333333
-1.162838176,0.616466763,-1.23215246,0.241607141,0.08952279,-0.059661324,1.348133252,0.428600089,-0.067027513,1.523124849,-0.152903445,0.017390546,5.05
2.489639731,1.427992656,-2.251299393,-2.447661685,-0.156970113,-0.658382397,-0.223098748,0.734607734,1.017425197,0.809871087,-0.618972387,-0.549958954,11.36666667
0.540712426,1.449207108,-2.185069762,-1.073530593,-0.258624791,-0.341851999,1.2280797,0.373787968,0.988118142,1.504555184,0.114997869,-0.13088403,9.133333333
-0.79574423,0.059732344,-1.873092279,-0.359077531,-0.081917399,0.033154974,1.146420746,0.303931497,0.702357902,1.191153682,0.658803088,0.06131678,3.716666667
0.136574157,-0.61429691,-1.486071026,-0.392784367,0.341497749,0.078190484,0.981532398,-0.752802447,-0.049348689,1.083733034,1.365036087,0.482117368,29.46666667
-1.534851898,-0.564341101,-2.365457201,-1.275720601,0.371120735,0.007818789,-0.431310651,0.96677368,1.492239723,0.567317332,0.356263854,-0.385428628,2.683333333
-0.409225745,0.632600756,-1.650432518,0.089825067,-0.232452999,0.006595515,1.90309345,0.933961583,0.438211705,1.973671685,-0.422814222,0.115900172,6.666666667
-0.444926102,0.591013753,-1.671039937,0.040629069,-0.226286568,-0.004248951,1.821722992,0.98069142,0.483690149,1.923919976,-0.440373549,0.083583909,5.433333333
-1.035491735,-0.013323403,-1.636394526,0.270029867,-0.071400099,0.105321812,1.8785105,0.603422912,0.447755143,1.844493509,0.183926574,0.287977597,3.883333333
-0.905615995,-0.823018079,-1.690483643,0.387687881,0.186623028,-0.006454425,1.609427883,-1.207625441,1.697118837,0.945565964,0.485875783,-0.48498022,4.283333333
-0.939898426,0.041437287,-1.463825766,0.293699989,-0.094712776,0.07777408,1.70736512,0.562052638,0.208278303,1.680858348,0.096155739,0.192084631,5.133333333
0.621042836,1.5504954,-1.684702582,-0.757622595,-0.334506217,-0.333002356,1.115870834,0.584755453,0.387874347,1.308061949,-0.403430444,-0.294372521,8.833333333
-1.205387699,-2.343745307,-1.019011879,1.082388777,0.704357414,0.275730055,1.467828722,-0.798086621,0.984600025,1.061151227,0.038614228,-0.213787124,13.41666667
-1.198849246,-1.777428253,-1.610496945,-0.274385332,0.572997374,0.146796601,0.472718585,0.062938292,0.429571969,0.92680643,1.217330072,0.315520608,9.75
-0.75949656,-1.572019966,-1.139660784,0.212215695,0.265915677,-0.042853834,1.178287595,0.598105851,-0.053317125,1.426036854,0.319313766,0.344529357,5.733333333
-0.897508043,0.736983187,-1.331436124,0.264222034,-0.248083531,0.041423172,1.604345156,0.525002334,0.027682753,1.491403426,-0.15392058,0.01852669,5.133333333
-2.660003447,-1.444781138,-1.920061661,-0.254260069,0.564430897,0.256882725,0.115386967,1.76082025,1.201274214,1.053421846,-0.297431821,-0.184537233,1.666666667
